date,Item Id,predicted_units_sarima
2024-07-01,B09KDLQ2GW,
2024-07-02,B09KDLQ2GW,
2024-07-03,B09KDLQ2GW,
2024-07-04,B09KDLQ2GW,
2024-07-05,B09KDLQ2GW,
2024-07-06,B09KDLQ2GW,
2024-07-07,B09KDLQ2GW,
2024-07-08,B09KDLQ2GW,
2024-07-09,B09KDLQ2GW,
2024-07-10,B09KDLQ2GW,
2024-07-11,B09KDLQ2GW,
2024-07-12,B09KDLQ2GW,
2024-07-13,B09KDLQ2GW,
2024-07-14,B09KDLQ2GW,
2024-07-15,B09KDLQ2GW,
2024-07-16,B09KDLQ2GW,
2024-07-17,B09KDLQ2GW,
2024-07-18,B09KDLQ2GW,
2024-07-19,B09KDLQ2GW,
2024-07-20,B09KDLQ2GW,
2024-07-21,B09KDLQ2GW,
2024-07-22,B09KDLQ2GW,
2024-07-23,B09KDLQ2GW,
2024-07-24,B09KDLQ2GW,
2024-07-25,B09KDLQ2GW,
2024-07-26,B09KDLQ2GW,
2024-07-27,B09KDLQ2GW,
2024-07-28,B09KDLQ2GW,
2024-07-01,B09KDN7PYR,
2024-07-02,B09KDN7PYR,
2024-07-03,B09KDN7PYR,
2024-07-04,B09KDN7PYR,
2024-07-05,B09KDN7PYR,
2024-07-06,B09KDN7PYR,
2024-07-07,B09KDN7PYR,
2024-07-08,B09KDN7PYR,
2024-07-09,B09KDN7PYR,
2024-07-10,B09KDN7PYR,
2024-07-11,B09KDN7PYR,
2024-07-12,B09KDN7PYR,
2024-07-13,B09KDN7PYR,
2024-07-14,B09KDN7PYR,
2024-07-15,B09KDN7PYR,
2024-07-16,B09KDN7PYR,
2024-07-17,B09KDN7PYR,
2024-07-18,B09KDN7PYR,
2024-07-19,B09KDN7PYR,
2024-07-20,B09KDN7PYR,
2024-07-21,B09KDN7PYR,
2024-07-22,B09KDN7PYR,
2024-07-23,B09KDN7PYR,
2024-07-24,B09KDN7PYR,
2024-07-25,B09KDN7PYR,
2024-07-01,B09KDNYCYR,
2024-07-02,B09KDNYCYR,
2024-07-03,B09KDNYCYR,
2024-07-04,B09KDNYCYR,
2024-07-05,B09KDNYCYR,
2024-07-06,B09KDNYCYR,
2024-07-07,B09KDNYCYR,
2024-07-08,B09KDNYCYR,
2024-07-09,B09KDNYCYR,
2024-07-10,B09KDNYCYR,
2024-07-11,B09KDNYCYR,
2024-07-12,B09KDNYCYR,
2024-07-16,B09KDNYCYR,
2024-07-17,B09KDNYCYR,
2024-07-18,B09KDNYCYR,
2024-07-19,B09KDNYCYR,
2024-07-20,B09KDNYCYR,
2024-07-21,B09KDNYCYR,
2024-07-22,B09KDNYCYR,
2024-07-23,B09KDNYCYR,
2024-07-24,B09KDNYCYR,
2024-07-25,B09KDNYCYR,
2024-07-26,B09KDNYCYR,
2024-07-01,B09KDPXYG3,
2024-07-02,B09KDPXYG3,
2024-07-03,B09KDPXYG3,
2024-07-04,B09KDPXYG3,
2024-07-05,B09KDPXYG3,
2024-07-06,B09KDPXYG3,
2024-07-07,B09KDPXYG3,
2024-07-08,B09KDPXYG3,
2024-07-10,B09KDPXYG3,
2024-07-11,B09KDPXYG3,
2024-07-12,B09KDPXYG3,
2024-07-14,B09KDPXYG3,
2024-07-15,B09KDPXYG3,
2024-07-16,B09KDPXYG3,
2024-07-17,B09KDPXYG3,
2024-07-18,B09KDPXYG3,
2024-07-19,B09KDPXYG3,
2024-07-20,B09KDPXYG3,
2024-07-21,B09KDPXYG3,
2024-07-22,B09KDPXYG3,
2024-07-23,B09KDPXYG3,
2024-07-24,B09KDPXYG3,
2024-07-25,B09KDPXYG3,
2024-07-26,B09KDPXYG3,
2024-07-27,B09KDPXYG3,
2024-07-28,B09KDPXYG3,
2024-07-01,B09KDQ2BWY,
2024-07-02,B09KDQ2BWY,
2024-07-03,B09KDQ2BWY,
2024-07-04,B09KDQ2BWY,
2024-07-05,B09KDQ2BWY,
2024-07-06,B09KDQ2BWY,
2024-07-07,B09KDQ2BWY,
2024-07-08,B09KDQ2BWY,
2024-07-09,B09KDQ2BWY,
2024-07-10,B09KDQ2BWY,
2024-07-11,B09KDQ2BWY,
2024-07-12,B09KDQ2BWY,
2024-07-13,B09KDQ2BWY,
2024-07-14,B09KDQ2BWY,
2024-07-15,B09KDQ2BWY,
2024-07-16,B09KDQ2BWY,
2024-07-17,B09KDQ2BWY,
2024-07-18,B09KDQ2BWY,
2024-07-19,B09KDQ2BWY,
2024-07-20,B09KDQ2BWY,
2024-07-21,B09KDQ2BWY,
2024-07-22,B09KDQ2BWY,
2024-07-23,B09KDQ2BWY,
2024-07-24,B09KDQ2BWY,
2024-07-25,B09KDQ2BWY,
2024-07-26,B09KDQ2BWY,
2024-07-01,B09KDR64LT,
2024-07-02,B09KDR64LT,
2024-07-03,B09KDR64LT,
2024-07-04,B09KDR64LT,
2024-07-05,B09KDR64LT,
2024-07-06,B09KDR64LT,
2024-07-07,B09KDR64LT,
2024-07-08,B09KDR64LT,
2024-07-09,B09KDR64LT,
2024-07-10,B09KDR64LT,
2024-07-11,B09KDR64LT,
2024-07-12,B09KDR64LT,
2024-07-13,B09KDR64LT,
2024-07-14,B09KDR64LT,
2024-07-15,B09KDR64LT,
2024-07-16,B09KDR64LT,
2024-07-17,B09KDR64LT,
2024-07-18,B09KDR64LT,
2024-07-19,B09KDR64LT,
2024-07-20,B09KDR64LT,
2024-07-21,B09KDR64LT,
2024-07-22,B09KDR64LT,
2024-07-23,B09KDR64LT,
2024-07-24,B09KDR64LT,
2024-07-25,B09KDR64LT,
2024-07-26,B09KDR64LT,
2024-07-01,B09KDTHJ6V,
2024-07-02,B09KDTHJ6V,
2024-07-03,B09KDTHJ6V,
2024-07-04,B09KDTHJ6V,
2024-07-05,B09KDTHJ6V,
2024-07-06,B09KDTHJ6V,
2024-07-07,B09KDTHJ6V,
2024-07-08,B09KDTHJ6V,
2024-07-09,B09KDTHJ6V,
2024-07-10,B09KDTHJ6V,
2024-07-11,B09KDTHJ6V,
2024-07-12,B09KDTHJ6V,
2024-07-13,B09KDTHJ6V,
2024-07-14,B09KDTHJ6V,
2024-07-15,B09KDTHJ6V,
2024-07-16,B09KDTHJ6V,
2024-07-17,B09KDTHJ6V,
2024-07-18,B09KDTHJ6V,
2024-07-19,B09KDTHJ6V,
2024-07-20,B09KDTHJ6V,
2024-07-21,B09KDTHJ6V,
2024-07-22,B09KDTHJ6V,
2024-07-23,B09KDTHJ6V,
2024-07-24,B09KDTHJ6V,
2024-07-25,B09KDTHJ6V,
2024-07-26,B09KDTHJ6V,
2024-07-01,B09KDTS4DC,
2024-07-02,B09KDTS4DC,
2024-07-03,B09KDTS4DC,
2024-07-04,B09KDTS4DC,
2024-07-05,B09KDTS4DC,
2024-07-06,B09KDTS4DC,
2024-07-07,B09KDTS4DC,
2024-07-08,B09KDTS4DC,
2024-07-09,B09KDTS4DC,
2024-07-10,B09KDTS4DC,
2024-07-11,B09KDTS4DC,
2024-07-15,B09KDTS4DC,
2024-07-16,B09KDTS4DC,
2024-07-17,B09KDTS4DC,
2024-07-18,B09KDTS4DC,
2024-07-19,B09KDTS4DC,
2024-07-21,B09KDTS4DC,
2024-07-22,B09KDTS4DC,
2024-07-23,B09KDTS4DC,
2024-07-24,B09KDTS4DC,
2024-07-25,B09KDTS4DC,
2024-07-26,B09KDTS4DC,
2024-07-01,B09KDVXTP4,
2024-07-02,B09KDVXTP4,
2024-07-03,B09KDVXTP4,
2024-07-04,B09KDVXTP4,
2024-07-05,B09KDVXTP4,
2024-07-06,B09KDVXTP4,
2024-07-07,B09KDVXTP4,
2024-07-08,B09KDVXTP4,
2024-07-09,B09KDVXTP4,
2024-07-10,B09KDVXTP4,
2024-07-11,B09KDVXTP4,
2024-07-12,B09KDVXTP4,
2024-07-13,B09KDVXTP4,
2024-07-15,B09KDVXTP4,
2024-07-16,B09KDVXTP4,
2024-07-17,B09KDVXTP4,
2024-07-18,B09KDVXTP4,
2024-07-19,B09KDVXTP4,
2024-07-20,B09KDVXTP4,
2024-07-21,B09KDVXTP4,
2024-07-22,B09KDVXTP4,
2024-07-23,B09KDVXTP4,
2024-07-24,B09KDVXTP4,
2024-07-25,B09KDVXTP4,
2024-07-26,B09KDVXTP4,
2024-07-01,B09KDW1YKQ,
2024-07-02,B09KDW1YKQ,
2024-07-03,B09KDW1YKQ,
2024-07-04,B09KDW1YKQ,
2024-07-05,B09KDW1YKQ,
2024-07-06,B09KDW1YKQ,
2024-07-07,B09KDW1YKQ,
2024-07-08,B09KDW1YKQ,
2024-07-09,B09KDW1YKQ,
2024-07-10,B09KDW1YKQ,
2024-07-11,B09KDW1YKQ,
2024-07-12,B09KDW1YKQ,
2024-07-13,B09KDW1YKQ,
2024-07-14,B09KDW1YKQ,
2024-07-15,B09KDW1YKQ,
2024-07-16,B09KDW1YKQ,
2024-07-17,B09KDW1YKQ,
2024-07-18,B09KDW1YKQ,
2024-07-19,B09KDW1YKQ,
2024-07-20,B09KDW1YKQ,
2024-07-21,B09KDW1YKQ,
2024-07-22,B09KDW1YKQ,
2024-07-23,B09KDW1YKQ,
2024-07-25,B09KDW1YKQ,
2024-07-26,B09KDW1YKQ,
2024-07-01,B09KDXJJ6W,
2024-07-02,B09KDXJJ6W,
2024-07-03,B09KDXJJ6W,
2024-07-04,B09KDXJJ6W,
2024-07-05,B09KDXJJ6W,
2024-07-06,B09KDXJJ6W,
2024-07-07,B09KDXJJ6W,
2024-07-08,B09KDXJJ6W,
2024-07-09,B09KDXJJ6W,
2024-07-10,B09KDXJJ6W,
2024-07-11,B09KDXJJ6W,
2024-07-12,B09KDXJJ6W,
2024-07-13,B09KDXJJ6W,
2024-07-14,B09KDXJJ6W,
2024-07-15,B09KDXJJ6W,
2024-07-16,B09KDXJJ6W,
2024-07-17,B09KDXJJ6W,
2024-07-18,B09KDXJJ6W,
2024-07-19,B09KDXJJ6W,
2024-07-20,B09KDXJJ6W,
2024-07-21,B09KDXJJ6W,
2024-07-22,B09KDXJJ6W,
2024-07-23,B09KDXJJ6W,
2024-07-24,B09KDXJJ6W,
2024-07-25,B09KDXJJ6W,
2024-07-26,B09KDXJJ6W,
2024-07-01,B09KDYY3SB,
2024-07-02,B09KDYY3SB,
2024-07-03,B09KDYY3SB,
2024-07-04,B09KDYY3SB,
2024-07-05,B09KDYY3SB,
2024-07-06,B09KDYY3SB,
2024-07-07,B09KDYY3SB,
2024-07-08,B09KDYY3SB,
2024-07-09,B09KDYY3SB,
2024-07-10,B09KDYY3SB,
2024-07-11,B09KDYY3SB,
2024-07-12,B09KDYY3SB,
2024-07-13,B09KDYY3SB,
2024-07-14,B09KDYY3SB,
2024-07-15,B09KDYY3SB,
2024-07-16,B09KDYY3SB,
2024-07-17,B09KDYY3SB,
2024-07-18,B09KDYY3SB,
2024-07-19,B09KDYY3SB,
2024-07-20,B09KDYY3SB,
2024-07-21,B09KDYY3SB,
2024-07-22,B09KDYY3SB,
2024-07-23,B09KDYY3SB,
2024-07-24,B09KDYY3SB,
2024-07-25,B09KDYY3SB,
2024-07-26,B09KDYY3SB,
2024-07-27,B09KDYY3SB,
2024-07-28,B09KDYY3SB,
2024-07-01,B09KDZQJ6P,
2024-07-02,B09KDZQJ6P,
2024-07-03,B09KDZQJ6P,
2024-07-04,B09KDZQJ6P,
2024-07-05,B09KDZQJ6P,
2024-07-06,B09KDZQJ6P,
2024-07-07,B09KDZQJ6P,
2024-07-08,B09KDZQJ6P,
2024-07-09,B09KDZQJ6P,
2024-07-10,B09KDZQJ6P,
2024-07-11,B09KDZQJ6P,
2024-07-12,B09KDZQJ6P,
2024-07-13,B09KDZQJ6P,
2024-07-14,B09KDZQJ6P,
2024-07-15,B09KDZQJ6P,
2024-07-16,B09KDZQJ6P,
2024-07-17,B09KDZQJ6P,
2024-07-18,B09KDZQJ6P,
2024-07-19,B09KDZQJ6P,
2024-07-20,B09KDZQJ6P,
2024-07-21,B09KDZQJ6P,
2024-07-22,B09KDZQJ6P,
2024-07-23,B09KDZQJ6P,
2024-07-24,B09KDZQJ6P,
2024-07-25,B09KDZQJ6P,
2024-07-26,B09KDZQJ6P,
2024-07-27,B09KDZQJ6P,
2024-07-28,B09KDZQJ6P,
2024-07-01,B09KSXP3HN,
2024-07-02,B09KSXP3HN,
2024-07-03,B09KSXP3HN,
2024-07-04,B09KSXP3HN,
2024-07-05,B09KSXP3HN,
2024-07-06,B09KSXP3HN,
2024-07-07,B09KSXP3HN,
2024-07-08,B09KSXP3HN,
2024-07-09,B09KSXP3HN,
2024-07-10,B09KSXP3HN,
2024-07-11,B09KSXP3HN,
2024-07-12,B09KSXP3HN,
2024-07-13,B09KSXP3HN,
2024-07-14,B09KSXP3HN,
2024-07-15,B09KSXP3HN,
2024-07-16,B09KSXP3HN,
2024-07-17,B09KSXP3HN,
2024-07-18,B09KSXP3HN,
2024-07-19,B09KSXP3HN,
2024-07-20,B09KSXP3HN,
2024-07-21,B09KSXP3HN,
2024-07-22,B09KSXP3HN,
2024-07-23,B09KSXP3HN,
2024-07-24,B09KSXP3HN,
2024-07-25,B09KSXP3HN,
2024-07-26,B09KSXP3HN,
2024-07-27,B09KSXP3HN,
2024-07-28,B09KSXP3HN,
2024-07-01,B09KSYL73R,
2024-07-02,B09KSYL73R,
2024-07-03,B09KSYL73R,
2024-07-04,B09KSYL73R,
2024-07-05,B09KSYL73R,
2024-07-06,B09KSYL73R,
2024-07-07,B09KSYL73R,
2024-07-08,B09KSYL73R,
2024-07-09,B09KSYL73R,
2024-07-10,B09KSYL73R,
2024-07-11,B09KSYL73R,
2024-07-12,B09KSYL73R,
2024-07-13,B09KSYL73R,
2024-07-14,B09KSYL73R,
2024-07-15,B09KSYL73R,
2024-07-16,B09KSYL73R,
2024-07-17,B09KSYL73R,
2024-07-18,B09KSYL73R,
2024-07-19,B09KSYL73R,
2024-07-20,B09KSYL73R,
2024-07-21,B09KSYL73R,
2024-07-22,B09KSYL73R,
2024-07-23,B09KSYL73R,
2024-07-24,B09KSYL73R,
2024-07-25,B09KSYL73R,
2024-07-26,B09KSYL73R,
2024-07-27,B09KSYL73R,
2024-07-28,B09KSYL73R,
2024-07-01,B09KT5HMNY,
2024-07-02,B09KT5HMNY,
2024-07-03,B09KT5HMNY,
2024-07-04,B09KT5HMNY,
2024-07-05,B09KT5HMNY,
2024-07-06,B09KT5HMNY,
2024-07-07,B09KT5HMNY,
2024-07-08,B09KT5HMNY,
2024-07-09,B09KT5HMNY,
2024-07-10,B09KT5HMNY,
2024-07-11,B09KT5HMNY,
2024-07-15,B09KT5HMNY,
2024-07-16,B09KT5HMNY,
2024-07-17,B09KT5HMNY,
2024-07-18,B09KT5HMNY,
2024-07-19,B09KT5HMNY,
2024-07-21,B09KT5HMNY,
2024-07-22,B09KT5HMNY,
2024-07-23,B09KT5HMNY,
2024-07-24,B09KT5HMNY,
2024-07-25,B09KT5HMNY,
2024-07-26,B09KT5HMNY,
2024-07-01,B09KTF8ZDQ,
2024-07-02,B09KTF8ZDQ,
2024-07-03,B09KTF8ZDQ,
2024-07-04,B09KTF8ZDQ,
2024-07-05,B09KTF8ZDQ,
2024-07-06,B09KTF8ZDQ,
2024-07-07,B09KTF8ZDQ,
2024-07-08,B09KTF8ZDQ,
2024-07-09,B09KTF8ZDQ,
2024-07-10,B09KTF8ZDQ,
2024-07-11,B09KTF8ZDQ,
2024-07-12,B09KTF8ZDQ,
2024-07-13,B09KTF8ZDQ,
2024-07-14,B09KTF8ZDQ,
2024-07-15,B09KTF8ZDQ,
2024-07-16,B09KTF8ZDQ,
2024-07-17,B09KTF8ZDQ,
2024-07-18,B09KTF8ZDQ,
2024-07-19,B09KTF8ZDQ,
2024-07-20,B09KTF8ZDQ,
2024-07-21,B09KTF8ZDQ,
2024-07-22,B09KTF8ZDQ,
2024-07-23,B09KTF8ZDQ,
2024-07-24,B09KTF8ZDQ,
2024-07-25,B09KTF8ZDQ,
2024-07-26,B09KTF8ZDQ,
2024-07-01,B09KTFXX6L,
2024-07-02,B09KTFXX6L,
2024-07-03,B09KTFXX6L,
2024-07-04,B09KTFXX6L,
2024-07-05,B09KTFXX6L,
2024-07-06,B09KTFXX6L,
2024-07-07,B09KTFXX6L,
2024-07-08,B09KTFXX6L,
2024-07-09,B09KTFXX6L,
2024-07-10,B09KTFXX6L,
2024-07-11,B09KTFXX6L,
2024-07-12,B09KTFXX6L,
2024-07-13,B09KTFXX6L,
2024-07-14,B09KTFXX6L,
2024-07-15,B09KTFXX6L,
2024-07-16,B09KTFXX6L,
2024-07-17,B09KTFXX6L,
2024-07-18,B09KTFXX6L,
2024-07-19,B09KTFXX6L,
2024-07-20,B09KTFXX6L,
2024-07-21,B09KTFXX6L,
2024-07-22,B09KTFXX6L,
2024-07-23,B09KTFXX6L,
2024-07-24,B09KTFXX6L,
2024-07-25,B09KTFXX6L,
2024-07-26,B09KTFXX6L,
2024-07-27,B09KTFXX6L,
2024-07-28,B09KTFXX6L,
2024-07-01,B09KTJRHC7,
2024-07-02,B09KTJRHC7,
2024-07-03,B09KTJRHC7,
2024-07-04,B09KTJRHC7,
2024-07-05,B09KTJRHC7,
2024-07-06,B09KTJRHC7,
2024-07-07,B09KTJRHC7,
2024-07-08,B09KTJRHC7,
2024-07-09,B09KTJRHC7,
2024-07-10,B09KTJRHC7,
2024-07-11,B09KTJRHC7,
2024-07-12,B09KTJRHC7,
2024-07-13,B09KTJRHC7,
2024-07-14,B09KTJRHC7,
2024-07-15,B09KTJRHC7,
2024-07-16,B09KTJRHC7,
2024-07-17,B09KTJRHC7,
2024-07-18,B09KTJRHC7,
2024-07-19,B09KTJRHC7,
2024-07-20,B09KTJRHC7,
2024-07-21,B09KTJRHC7,
2024-07-22,B09KTJRHC7,
2024-07-23,B09KTJRHC7,
2024-07-24,B09KTJRHC7,
2024-07-25,B09KTJRHC7,
2024-07-26,B09KTJRHC7,
2024-07-27,B09KTJRHC7,
2024-07-28,B09KTJRHC7,
2024-07-01,B09KTMKDKJ,
2024-07-02,B09KTMKDKJ,
2024-07-03,B09KTMKDKJ,
2024-07-04,B09KTMKDKJ,
2024-07-05,B09KTMKDKJ,
2024-07-06,B09KTMKDKJ,
2024-07-07,B09KTMKDKJ,
2024-07-08,B09KTMKDKJ,
2024-07-09,B09KTMKDKJ,
2024-07-10,B09KTMKDKJ,
2024-07-11,B09KTMKDKJ,
2024-07-12,B09KTMKDKJ,
2024-07-13,B09KTMKDKJ,
2024-07-14,B09KTMKDKJ,
2024-07-15,B09KTMKDKJ,
2024-07-16,B09KTMKDKJ,
2024-07-17,B09KTMKDKJ,
2024-07-18,B09KTMKDKJ,
2024-07-19,B09KTMKDKJ,
2024-07-20,B09KTMKDKJ,
2024-07-21,B09KTMKDKJ,
2024-07-22,B09KTMKDKJ,
2024-07-23,B09KTMKDKJ,
2024-07-24,B09KTMKDKJ,
2024-07-25,B09KTMKDKJ,
2024-07-26,B09KTMKDKJ,
2024-07-27,B09KTMKDKJ,
2024-07-01,B09KTMLQ1N,
2024-07-02,B09KTMLQ1N,
2024-07-03,B09KTMLQ1N,
2024-07-04,B09KTMLQ1N,
2024-07-05,B09KTMLQ1N,
2024-07-06,B09KTMLQ1N,
2024-07-07,B09KTMLQ1N,
2024-07-08,B09KTMLQ1N,
2024-07-09,B09KTMLQ1N,
2024-07-10,B09KTMLQ1N,
2024-07-11,B09KTMLQ1N,
2024-07-12,B09KTMLQ1N,
2024-07-13,B09KTMLQ1N,
2024-07-14,B09KTMLQ1N,
2024-07-15,B09KTMLQ1N,
2024-07-16,B09KTMLQ1N,
2024-07-17,B09KTMLQ1N,
2024-07-18,B09KTMLQ1N,
2024-07-19,B09KTMLQ1N,
2024-07-20,B09KTMLQ1N,
2024-07-21,B09KTMLQ1N,
2024-07-22,B09KTMLQ1N,
2024-07-23,B09KTMLQ1N,
2024-07-24,B09KTMLQ1N,
2024-07-25,B09KTMLQ1N,
2024-07-26,B09KTMLQ1N,
2024-07-27,B09KTMLQ1N,
2024-07-28,B09KTMLQ1N,
2024-07-01,B09MR2FY5D,
2024-07-02,B09MR2FY5D,
2024-07-03,B09MR2FY5D,
2024-07-04,B09MR2FY5D,
2024-07-05,B09MR2FY5D,
2024-07-06,B09MR2FY5D,
2024-07-07,B09MR2FY5D,
2024-07-08,B09MR2FY5D,
2024-07-09,B09MR2FY5D,
2024-07-10,B09MR2FY5D,
2024-07-11,B09MR2FY5D,
2024-07-12,B09MR2FY5D,
2024-07-13,B09MR2FY5D,
2024-07-14,B09MR2FY5D,
2024-07-15,B09MR2FY5D,
2024-07-16,B09MR2FY5D,
2024-07-17,B09MR2FY5D,
2024-07-18,B09MR2FY5D,
2024-07-19,B09MR2FY5D,
2024-07-20,B09MR2FY5D,
2024-07-21,B09MR2FY5D,
2024-07-22,B09MR2FY5D,
2024-07-23,B09MR2FY5D,
2024-07-24,B09MR2FY5D,
2024-07-25,B09MR2FY5D,
2024-07-26,B09MR2FY5D,
2024-07-27,B09MR2FY5D,
2024-07-28,B09MR2FY5D,
2024-07-01,B09MR2MLZH,
2024-07-02,B09MR2MLZH,
2024-07-03,B09MR2MLZH,
2024-07-04,B09MR2MLZH,
2024-07-05,B09MR2MLZH,
2024-07-06,B09MR2MLZH,
2024-07-07,B09MR2MLZH,
2024-07-09,B09MR2MLZH,
2024-07-10,B09MR2MLZH,
2024-07-11,B09MR2MLZH,
2024-07-14,B09MR2MLZH,
2024-07-15,B09MR2MLZH,
2024-07-16,B09MR2MLZH,
2024-07-17,B09MR2MLZH,
2024-07-18,B09MR2MLZH,
2024-07-19,B09MR2MLZH,
2024-07-20,B09MR2MLZH,
2024-07-21,B09MR2MLZH,
2024-07-22,B09MR2MLZH,
2024-07-23,B09MR2MLZH,
2024-07-24,B09MR2MLZH,
2024-07-25,B09MR2MLZH,
2024-07-26,B09MR2MLZH,
2024-07-01,B09MR36MLJ,
2024-07-02,B09MR36MLJ,
2024-07-03,B09MR36MLJ,
2024-07-04,B09MR36MLJ,
2024-07-05,B09MR36MLJ,
2024-07-06,B09MR36MLJ,
2024-07-07,B09MR36MLJ,
2024-07-08,B09MR36MLJ,
2024-07-09,B09MR36MLJ,
2024-07-10,B09MR36MLJ,
2024-07-11,B09MR36MLJ,
2024-07-12,B09MR36MLJ,
2024-07-14,B09MR36MLJ,
2024-07-15,B09MR36MLJ,
2024-07-16,B09MR36MLJ,
2024-07-17,B09MR36MLJ,
2024-07-18,B09MR36MLJ,
2024-07-19,B09MR36MLJ,
2024-07-20,B09MR36MLJ,
2024-07-21,B09MR36MLJ,
2024-07-22,B09MR36MLJ,
2024-07-23,B09MR36MLJ,
2024-07-01,B09MR3RSW8,
2024-07-02,B09MR3RSW8,
2024-07-03,B09MR3RSW8,
2024-07-04,B09MR3RSW8,
2024-07-05,B09MR3RSW8,
2024-07-06,B09MR3RSW8,
2024-07-07,B09MR3RSW8,
2024-07-08,B09MR3RSW8,
2024-07-09,B09MR3RSW8,
2024-07-10,B09MR3RSW8,
2024-07-11,B09MR3RSW8,
2024-07-12,B09MR3RSW8,
2024-07-13,B09MR3RSW8,
2024-07-14,B09MR3RSW8,
2024-07-15,B09MR3RSW8,
2024-07-16,B09MR3RSW8,
2024-07-17,B09MR3RSW8,
2024-07-18,B09MR3RSW8,
2024-07-19,B09MR3RSW8,
2024-07-21,B09MR3RSW8,
2024-07-22,B09MR3RSW8,
2024-07-23,B09MR3RSW8,
2024-07-24,B09MR3RSW8,
2024-07-25,B09MR3RSW8,
2024-07-26,B09MR3RSW8,
2024-07-01,B09MR3XT5G,
2024-07-02,B09MR3XT5G,
2024-07-03,B09MR3XT5G,
2024-07-04,B09MR3XT5G,
2024-07-05,B09MR3XT5G,
2024-07-06,B09MR3XT5G,
2024-07-07,B09MR3XT5G,
2024-07-08,B09MR3XT5G,
2024-07-09,B09MR3XT5G,
2024-07-10,B09MR3XT5G,
2024-07-11,B09MR3XT5G,
2024-07-12,B09MR3XT5G,
2024-07-13,B09MR3XT5G,
2024-07-14,B09MR3XT5G,
2024-07-15,B09MR3XT5G,
2024-07-16,B09MR3XT5G,
2024-07-17,B09MR3XT5G,
2024-07-18,B09MR3XT5G,
2024-07-19,B09MR3XT5G,
2024-07-20,B09MR3XT5G,
2024-07-21,B09MR3XT5G,
2024-07-22,B09MR3XT5G,
2024-07-23,B09MR3XT5G,
2024-07-24,B09MR3XT5G,
2024-07-25,B09MR3XT5G,
2024-07-26,B09MR3XT5G,
2024-07-27,B09MR3XT5G,
2024-07-28,B09MR3XT5G,
2024-07-01,B09MR3Y296,
2024-07-02,B09MR3Y296,
2024-07-03,B09MR3Y296,
2024-07-04,B09MR3Y296,
2024-07-05,B09MR3Y296,
2024-07-06,B09MR3Y296,
2024-07-07,B09MR3Y296,
2024-07-08,B09MR3Y296,
2024-07-09,B09MR3Y296,
2024-07-10,B09MR3Y296,
2024-07-11,B09MR3Y296,
2024-07-12,B09MR3Y296,
2024-07-13,B09MR3Y296,
2024-07-14,B09MR3Y296,
2024-07-15,B09MR3Y296,
2024-07-16,B09MR3Y296,
2024-07-17,B09MR3Y296,
2024-07-18,B09MR3Y296,
2024-07-19,B09MR3Y296,
2024-07-20,B09MR3Y296,
2024-07-21,B09MR3Y296,
2024-07-22,B09MR3Y296,
2024-07-23,B09MR3Y296,
2024-07-24,B09MR3Y296,
2024-07-25,B09MR3Y296,
2024-07-26,B09MR3Y296,
2024-07-01,B09MR4B13C,
2024-07-02,B09MR4B13C,
2024-07-03,B09MR4B13C,
2024-07-04,B09MR4B13C,
2024-07-05,B09MR4B13C,
2024-07-06,B09MR4B13C,
2024-07-07,B09MR4B13C,
2024-07-08,B09MR4B13C,
2024-07-09,B09MR4B13C,
2024-07-10,B09MR4B13C,
2024-07-11,B09MR4B13C,
2024-07-12,B09MR4B13C,
2024-07-13,B09MR4B13C,
2024-07-14,B09MR4B13C,
2024-07-15,B09MR4B13C,
2024-07-16,B09MR4B13C,
2024-07-17,B09MR4B13C,
2024-07-18,B09MR4B13C,
2024-07-19,B09MR4B13C,
2024-07-20,B09MR4B13C,
2024-07-21,B09MR4B13C,
2024-07-22,B09MR4B13C,
2024-07-23,B09MR4B13C,
2024-07-24,B09MR4B13C,
2024-07-25,B09MR4B13C,
2024-07-26,B09MR4B13C,
2024-07-27,B09MR4B13C,
2024-07-28,B09MR4B13C,
2024-07-16,B09MR4D874,
2024-07-17,B09MR4D874,
2024-07-18,B09MR4D874,
2024-07-19,B09MR4D874,
2024-07-20,B09MR4D874,
2024-07-21,B09MR4D874,
2024-07-22,B09MR4D874,
2024-07-23,B09MR4D874,
2024-07-25,B09MR4D874,
2024-07-26,B09MR4D874,
2024-07-01,B09MR4G722,
2024-07-02,B09MR4G722,
2024-07-03,B09MR4G722,
2024-07-04,B09MR4G722,
2024-07-05,B09MR4G722,
2024-07-06,B09MR4G722,
2024-07-07,B09MR4G722,
2024-07-08,B09MR4G722,
2024-07-09,B09MR4G722,
2024-07-10,B09MR4G722,
2024-07-11,B09MR4G722,
2024-07-15,B09MR4G722,
2024-07-16,B09MR4G722,
2024-07-17,B09MR4G722,
2024-07-18,B09MR4G722,
2024-07-19,B09MR4G722,
2024-07-20,B09MR4G722,
2024-07-21,B09MR4G722,
2024-07-22,B09MR4G722,
2024-07-24,B09MR4G722,
2024-07-26,B09MR4G722,
2024-07-01,B09MR4Z3H8,
2024-07-02,B09MR4Z3H8,
2024-07-03,B09MR4Z3H8,
2024-07-04,B09MR4Z3H8,
2024-07-05,B09MR4Z3H8,
2024-07-06,B09MR4Z3H8,
2024-07-07,B09MR4Z3H8,
2024-07-08,B09MR4Z3H8,
2024-07-09,B09MR4Z3H8,
2024-07-10,B09MR4Z3H8,
2024-07-11,B09MR4Z3H8,
2024-07-12,B09MR4Z3H8,
2024-07-13,B09MR4Z3H8,
2024-07-14,B09MR4Z3H8,
2024-07-15,B09MR4Z3H8,
2024-07-16,B09MR4Z3H8,
2024-07-17,B09MR4Z3H8,
2024-07-18,B09MR4Z3H8,
2024-07-19,B09MR4Z3H8,
2024-07-20,B09MR4Z3H8,
2024-07-21,B09MR4Z3H8,
2024-07-22,B09MR4Z3H8,
2024-07-23,B09MR4Z3H8,
2024-07-24,B09MR4Z3H8,
2024-07-25,B09MR4Z3H8,
2024-07-26,B09MR4Z3H8,
2024-07-27,B09MR4Z3H8,
2024-07-28,B09MR4Z3H8,
2024-07-01,B09MR4Z3H9,
2024-07-02,B09MR4Z3H9,
2024-07-03,B09MR4Z3H9,
2024-07-04,B09MR4Z3H9,
2024-07-05,B09MR4Z3H9,
2024-07-06,B09MR4Z3H9,
2024-07-07,B09MR4Z3H9,
2024-07-08,B09MR4Z3H9,
2024-07-09,B09MR4Z3H9,
2024-07-10,B09MR4Z3H9,
2024-07-11,B09MR4Z3H9,
2024-07-12,B09MR4Z3H9,
2024-07-13,B09MR4Z3H9,
2024-07-14,B09MR4Z3H9,
2024-07-15,B09MR4Z3H9,
2024-07-16,B09MR4Z3H9,
2024-07-17,B09MR4Z3H9,
2024-07-18,B09MR4Z3H9,
2024-07-19,B09MR4Z3H9,
2024-07-20,B09MR4Z3H9,
2024-07-21,B09MR4Z3H9,
2024-07-22,B09MR4Z3H9,
2024-07-23,B09MR4Z3H9,
2024-07-24,B09MR4Z3H9,
2024-07-25,B09MR4Z3H9,
2024-07-26,B09MR4Z3H9,
2024-07-01,B09MR56Q9N,
2024-07-02,B09MR56Q9N,
2024-07-03,B09MR56Q9N,
2024-07-04,B09MR56Q9N,
2024-07-05,B09MR56Q9N,
2024-07-06,B09MR56Q9N,
2024-07-07,B09MR56Q9N,
2024-07-08,B09MR56Q9N,
2024-07-09,B09MR56Q9N,
2024-07-10,B09MR56Q9N,
2024-07-11,B09MR56Q9N,
2024-07-12,B09MR56Q9N,
2024-07-13,B09MR56Q9N,
2024-07-14,B09MR56Q9N,
2024-07-15,B09MR56Q9N,
2024-07-16,B09MR56Q9N,
2024-07-17,B09MR56Q9N,
2024-07-18,B09MR56Q9N,
2024-07-19,B09MR56Q9N,
2024-07-20,B09MR56Q9N,
2024-07-21,B09MR56Q9N,
2024-07-22,B09MR56Q9N,
2024-07-23,B09MR56Q9N,
2024-07-24,B09MR56Q9N,
2024-07-25,B09MR56Q9N,
2024-07-26,B09MR56Q9N,
2024-07-27,B09MR56Q9N,
2024-07-28,B09MR56Q9N,
2024-07-03,B09MR5Q6HJ,
2024-07-04,B09MR5Q6HJ,
2024-07-05,B09MR5Q6HJ,
2024-07-06,B09MR5Q6HJ,
2024-07-07,B09MR5Q6HJ,
2024-07-08,B09MR5Q6HJ,
2024-07-20,B09MR5Q6HJ,
2024-07-21,B09MR5Q6HJ,
2024-07-22,B09MR5Q6HJ,
2024-07-23,B09MR5Q6HJ,
2024-07-01,B09MR5WS3Y,
2024-07-02,B09MR5WS3Y,
2024-07-03,B09MR5WS3Y,
2024-07-04,B09MR5WS3Y,
2024-07-05,B09MR5WS3Y,
2024-07-06,B09MR5WS3Y,
2024-07-07,B09MR5WS3Y,
2024-07-08,B09MR5WS3Y,
2024-07-09,B09MR5WS3Y,
2024-07-10,B09MR5WS3Y,
2024-07-11,B09MR5WS3Y,
2024-07-12,B09MR5WS3Y,
2024-07-13,B09MR5WS3Y,
2024-07-14,B09MR5WS3Y,
2024-07-15,B09MR5WS3Y,
2024-07-16,B09MR5WS3Y,
2024-07-17,B09MR5WS3Y,
2024-07-18,B09MR5WS3Y,
2024-07-19,B09MR5WS3Y,
2024-07-20,B09MR5WS3Y,
2024-07-21,B09MR5WS3Y,
2024-07-22,B09MR5WS3Y,
2024-07-23,B09MR5WS3Y,
2024-07-24,B09MR5WS3Y,
2024-07-25,B09MR5WS3Y,
2024-07-26,B09MR5WS3Y,
2024-07-01,B09X1DHRLN,
2024-07-02,B09X1DHRLN,
2024-07-06,B09X1DHRLN,
2024-07-07,B09X1DHRLN,
2024-07-08,B09X1DHRLN,
2024-07-09,B09X1DHRLN,
2024-07-10,B09X1DHRLN,
2024-07-11,B09X1DHRLN,
2024-07-12,B09X1DHRLN,
2024-07-14,B09X1DHRLN,
2024-07-15,B09X1DHRLN,
2024-07-24,B09X1DHRLN,
2024-07-25,B09X1DHRLN,
2024-07-26,B09X1DHRLN,
2024-07-01,B09X1F1L26,
2024-07-02,B09X1F1L26,
2024-07-03,B09X1F1L26,
2024-07-04,B09X1F1L26,
2024-07-05,B09X1F1L26,
2024-07-06,B09X1F1L26,
2024-07-07,B09X1F1L26,
2024-07-08,B09X1F1L26,
2024-07-09,B09X1F1L26,
2024-07-10,B09X1F1L26,
2024-07-11,B09X1F1L26,
2024-07-12,B09X1F1L26,
2024-07-13,B09X1F1L26,
2024-07-14,B09X1F1L26,
2024-07-15,B09X1F1L26,
2024-07-16,B09X1F1L26,
2024-07-17,B09X1F1L26,
2024-07-18,B09X1F1L26,
2024-07-19,B09X1F1L26,
2024-07-20,B09X1F1L26,
2024-07-21,B09X1F1L26,
2024-07-22,B09X1F1L26,
2024-07-23,B09X1F1L26,
2024-07-24,B09X1F1L26,
2024-07-25,B09X1F1L26,
2024-07-26,B09X1F1L26,
2024-07-27,B09X1F1L26,
2024-07-28,B09X1F1L26,
2024-07-01,B09X1F8C23,
2024-07-02,B09X1F8C23,
2024-07-03,B09X1F8C23,
2024-07-04,B09X1F8C23,
2024-07-05,B09X1F8C23,
2024-07-06,B09X1F8C23,
2024-07-07,B09X1F8C23,
2024-07-08,B09X1F8C23,
2024-07-09,B09X1F8C23,
2024-07-10,B09X1F8C23,
2024-07-11,B09X1F8C23,
2024-07-12,B09X1F8C23,
2024-07-13,B09X1F8C23,
2024-07-14,B09X1F8C23,
2024-07-15,B09X1F8C23,
2024-07-16,B09X1F8C23,
2024-07-17,B09X1F8C23,
2024-07-18,B09X1F8C23,
2024-07-19,B09X1F8C23,
2024-07-20,B09X1F8C23,
2024-07-21,B09X1F8C23,
2024-07-22,B09X1F8C23,
2024-07-23,B09X1F8C23,
2024-07-24,B09X1F8C23,
2024-07-25,B09X1F8C23,
2024-07-26,B09X1F8C23,
2024-07-27,B09X1F8C23,
2024-07-28,B09X1F8C23,
2024-07-01,B09X1FWK8Z,
2024-07-02,B09X1FWK8Z,
2024-07-10,B09X1FWK8Z,
2024-07-11,B09X1FWK8Z,
2024-07-12,B09X1FWK8Z,
2024-07-13,B09X1FWK8Z,
2024-07-16,B09X1FWK8Z,
2024-07-25,B09X1FWK8Z,
2024-07-01,B09X1H629F,
2024-07-02,B09X1H629F,
2024-07-01,B09X1HV1NL,
2024-07-02,B09X1HV1NL,
2024-07-03,B09X1HV1NL,
2024-07-04,B09X1HV1NL,
2024-07-05,B09X1HV1NL,
2024-07-06,B09X1HV1NL,
2024-07-07,B09X1HV1NL,
2024-07-08,B09X1HV1NL,
2024-07-09,B09X1HV1NL,
2024-07-10,B09X1HV1NL,
2024-07-11,B09X1HV1NL,
2024-07-12,B09X1HV1NL,
2024-07-13,B09X1HV1NL,
2024-07-14,B09X1HV1NL,
2024-07-15,B09X1HV1NL,
2024-07-16,B09X1HV1NL,
2024-07-17,B09X1HV1NL,
2024-07-18,B09X1HV1NL,
2024-07-19,B09X1HV1NL,
2024-07-20,B09X1HV1NL,
2024-07-21,B09X1HV1NL,
2024-07-22,B09X1HV1NL,
2024-07-23,B09X1HV1NL,
2024-07-24,B09X1HV1NL,
2024-07-25,B09X1HV1NL,
2024-07-26,B09X1HV1NL,
2024-07-27,B09X1HV1NL,
2024-07-28,B09X1HV1NL,
2024-07-01,B09X1JTK49,
2024-07-02,B09X1JTK49,
2024-07-03,B09X1JTK49,
2024-07-04,B09X1JTK49,
2024-07-05,B09X1JTK49,
2024-07-06,B09X1JTK49,
2024-07-07,B09X1JTK49,
2024-07-08,B09X1JTK49,
2024-07-09,B09X1JTK49,
2024-07-10,B09X1JTK49,
2024-07-11,B09X1JTK49,
2024-07-12,B09X1JTK49,
2024-07-13,B09X1JTK49,
2024-07-14,B09X1JTK49,
2024-07-15,B09X1JTK49,
2024-07-16,B09X1JTK49,
2024-07-17,B09X1JTK49,
2024-07-18,B09X1JTK49,
2024-07-19,B09X1JTK49,
2024-07-20,B09X1JTK49,
2024-07-21,B09X1JTK49,
2024-07-22,B09X1JTK49,
2024-07-23,B09X1JTK49,
2024-07-24,B09X1JTK49,
2024-07-25,B09X1JTK49,
2024-07-26,B09X1JTK49,
2024-07-01,B0B31R1ZBV,
2024-07-02,B0B31R1ZBV,
2024-07-03,B0B31R1ZBV,
2024-07-04,B0B31R1ZBV,
2024-07-05,B0B31R1ZBV,
2024-07-06,B0B31R1ZBV,
2024-07-07,B0B31R1ZBV,
2024-07-08,B0B31R1ZBV,
2024-07-09,B0B31R1ZBV,
2024-07-10,B0B31R1ZBV,
2024-07-11,B0B31R1ZBV,
2024-07-12,B0B31R1ZBV,
2024-07-13,B0B31R1ZBV,
2024-07-14,B0B31R1ZBV,
2024-07-15,B0B31R1ZBV,
2024-07-16,B0B31R1ZBV,
2024-07-17,B0B31R1ZBV,
2024-07-18,B0B31R1ZBV,
2024-07-19,B0B31R1ZBV,
2024-07-20,B0B31R1ZBV,
2024-07-21,B0B31R1ZBV,
2024-07-22,B0B31R1ZBV,
2024-07-23,B0B31R1ZBV,
2024-07-24,B0B31R1ZBV,
2024-07-25,B0B31R1ZBV,
2024-07-26,B0B31R1ZBV,
2024-07-01,B0B31SM3ZR,
2024-07-02,B0B31SM3ZR,
2024-07-03,B0B31SM3ZR,
2024-07-04,B0B31SM3ZR,
2024-07-05,B0B31SM3ZR,
2024-07-06,B0B31SM3ZR,
2024-07-07,B0B31SM3ZR,
2024-07-09,B0B31SM3ZR,
2024-07-10,B0B31SM3ZR,
2024-07-11,B0B31SM3ZR,
2024-07-14,B0B31SM3ZR,
2024-07-16,B0B31SM3ZR,
2024-07-17,B0B31SM3ZR,
2024-07-18,B0B31SM3ZR,
2024-07-19,B0B31SM3ZR,
2024-07-21,B0B31SM3ZR,
2024-07-22,B0B31SM3ZR,
2024-07-25,B0B31SM3ZR,
2024-07-26,B0B31SM3ZR,
2024-07-16,B0B31SVP2Q,
2024-07-17,B0B31SVP2Q,
2024-07-18,B0B31SVP2Q,
2024-07-19,B0B31SVP2Q,
2024-07-20,B0B31SVP2Q,
2024-07-21,B0B31SVP2Q,
2024-07-22,B0B31SVP2Q,
2024-07-23,B0B31SVP2Q,
2024-07-24,B0B31SVP2Q,
2024-07-01,B0B31T1XMH,
2024-07-02,B0B31T1XMH,
2024-07-03,B0B31T1XMH,
2024-07-04,B0B31T1XMH,
2024-07-05,B0B31T1XMH,
2024-07-06,B0B31T1XMH,
2024-07-07,B0B31T1XMH,
2024-07-08,B0B31T1XMH,
2024-07-09,B0B31T1XMH,
2024-07-10,B0B31T1XMH,
2024-07-11,B0B31T1XMH,
2024-07-12,B0B31T1XMH,
2024-07-13,B0B31T1XMH,
2024-07-14,B0B31T1XMH,
2024-07-15,B0B31T1XMH,
2024-07-16,B0B31T1XMH,
2024-07-17,B0B31T1XMH,
2024-07-18,B0B31T1XMH,
2024-07-19,B0B31T1XMH,
2024-07-20,B0B31T1XMH,
2024-07-21,B0B31T1XMH,
2024-07-22,B0B31T1XMH,
2024-07-23,B0B31T1XMH,
2024-07-24,B0B31T1XMH,
2024-07-25,B0B31T1XMH,
2024-07-26,B0B31T1XMH,
2024-07-01,B0B31V3PKG,
2024-07-02,B0B31V3PKG,
2024-07-03,B0B31V3PKG,
2024-07-04,B0B31V3PKG,
2024-07-05,B0B31V3PKG,
2024-07-06,B0B31V3PKG,
2024-07-07,B0B31V3PKG,
2024-07-08,B0B31V3PKG,
2024-07-09,B0B31V3PKG,
2024-07-10,B0B31V3PKG,
2024-07-11,B0B31V3PKG,
2024-07-12,B0B31V3PKG,
2024-07-13,B0B31V3PKG,
2024-07-14,B0B31V3PKG,
2024-07-15,B0B31V3PKG,
2024-07-17,B0B31V3PKG,
2024-07-20,B0B31V3PKG,
2024-07-21,B0B31V3PKG,
2024-07-22,B0B31V3PKG,
2024-07-23,B0B31V3PKG,
2024-07-01,B0B31VFJ6Q,
2024-07-02,B0B31VFJ6Q,
2024-07-03,B0B31VFJ6Q,
2024-07-04,B0B31VFJ6Q,
2024-07-05,B0B31VFJ6Q,
2024-07-06,B0B31VFJ6Q,
2024-07-07,B0B31VFJ6Q,
2024-07-08,B0B31VFJ6Q,
2024-07-09,B0B31VFJ6Q,
2024-07-10,B0B31VFJ6Q,
2024-07-11,B0B31VFJ6Q,
2024-07-12,B0B31VFJ6Q,
2024-07-13,B0B31VFJ6Q,
2024-07-14,B0B31VFJ6Q,
2024-07-15,B0B31VFJ6Q,
2024-07-16,B0B31VFJ6Q,
2024-07-17,B0B31VFJ6Q,
2024-07-18,B0B31VFJ6Q,
2024-07-19,B0B31VFJ6Q,
2024-07-20,B0B31VFJ6Q,
2024-07-21,B0B31VFJ6Q,
2024-07-22,B0B31VFJ6Q,
2024-07-23,B0B31VFJ6Q,
2024-07-24,B0B31VFJ6Q,
2024-07-25,B0B31VFJ6Q,
2024-07-26,B0B31VFJ6Q,
2024-07-27,B0B31VFJ6Q,
2024-07-28,B0B31VFJ6Q,
2024-07-01,B0B31VTH56,
2024-07-02,B0B31VTH56,
2024-07-03,B0B31VTH56,
2024-07-04,B0B31VTH56,
2024-07-05,B0B31VTH56,
2024-07-06,B0B31VTH56,
2024-07-07,B0B31VTH56,
2024-07-10,B0B31VTH56,
2024-07-11,B0B31VTH56,
2024-07-12,B0B31VTH56,
2024-07-14,B0B31VTH56,
2024-07-15,B0B31VTH56,
2024-07-16,B0B31VTH56,
2024-07-17,B0B31VTH56,
2024-07-18,B0B31VTH56,
2024-07-19,B0B31VTH56,
2024-07-23,B0B31VTH56,
2024-07-25,B0B31VTH56,
2024-07-26,B0B31VTH56,
2024-07-01,B0B31Y1FDZ,
2024-07-02,B0B31Y1FDZ,
2024-07-03,B0B31Y1FDZ,
2024-07-04,B0B31Y1FDZ,
2024-07-05,B0B31Y1FDZ,
2024-07-06,B0B31Y1FDZ,
2024-07-07,B0B31Y1FDZ,
2024-07-08,B0B31Y1FDZ,
2024-07-09,B0B31Y1FDZ,
2024-07-10,B0B31Y1FDZ,
2024-07-11,B0B31Y1FDZ,
2024-07-12,B0B31Y1FDZ,
2024-07-13,B0B31Y1FDZ,
2024-07-14,B0B31Y1FDZ,
2024-07-15,B0B31Y1FDZ,
2024-07-16,B0B31Y1FDZ,
2024-07-17,B0B31Y1FDZ,
2024-07-18,B0B31Y1FDZ,
2024-07-19,B0B31Y1FDZ,
2024-07-20,B0B31Y1FDZ,
2024-07-21,B0B31Y1FDZ,
2024-07-22,B0B31Y1FDZ,
2024-07-23,B0B31Y1FDZ,
2024-07-24,B0B31Y1FDZ,
2024-07-25,B0B31Y1FDZ,
2024-07-26,B0B31Y1FDZ,
2024-07-28,B0B31Y1FDZ,
2024-07-01,B0B699PLXD,
2024-07-02,B0B699PLXD,
2024-07-03,B0B699PLXD,
2024-07-04,B0B699PLXD,
2024-07-05,B0B699PLXD,
2024-07-06,B0B699PLXD,
2024-07-07,B0B699PLXD,
2024-07-08,B0B699PLXD,
2024-07-09,B0B699PLXD,
2024-07-10,B0B699PLXD,
2024-07-11,B0B699PLXD,
2024-07-12,B0B699PLXD,
2024-07-13,B0B699PLXD,
2024-07-14,B0B699PLXD,
2024-07-16,B0B699PLXD,
2024-07-17,B0B699PLXD,
2024-07-18,B0B699PLXD,
2024-07-19,B0B699PLXD,
2024-07-20,B0B699PLXD,
2024-07-21,B0B699PLXD,
2024-07-22,B0B699PLXD,
2024-07-23,B0B699PLXD,
2024-07-26,B0B699PLXD,
2024-07-01,B0B69B8R3C,
2024-07-02,B0B69B8R3C,
2024-07-03,B0B69B8R3C,
2024-07-04,B0B69B8R3C,
2024-07-05,B0B69B8R3C,
2024-07-06,B0B69B8R3C,
2024-07-07,B0B69B8R3C,
2024-07-10,B0B69B8R3C,
2024-07-11,B0B69B8R3C,
2024-07-12,B0B69B8R3C,
2024-07-13,B0B69B8R3C,
2024-07-14,B0B69B8R3C,
2024-07-15,B0B69B8R3C,
2024-07-18,B0B69B8R3C,
2024-07-19,B0B69B8R3C,
2024-07-20,B0B69B8R3C,
2024-07-01,B0B69C4GST,
2024-07-02,B0B69C4GST,
2024-07-03,B0B69C4GST,
2024-07-04,B0B69C4GST,
2024-07-05,B0B69C4GST,
2024-07-06,B0B69C4GST,
2024-07-07,B0B69C4GST,
2024-07-08,B0B69C4GST,
2024-07-09,B0B69C4GST,
2024-07-10,B0B69C4GST,
2024-07-11,B0B69C4GST,
2024-07-13,B0B69C4GST,
2024-07-15,B0B69C4GST,
2024-07-16,B0B69C4GST,
2024-07-18,B0B69C4GST,
2024-07-19,B0B69C4GST,
2024-07-20,B0B69C4GST,
2024-07-21,B0B69C4GST,
2024-07-22,B0B69C4GST,
2024-07-23,B0B69C4GST,
2024-07-26,B0B69C4GST,
2024-07-01,B0B69DD2C7,
2024-07-02,B0B69DD2C7,
2024-07-03,B0B69DD2C7,
2024-07-04,B0B69DD2C7,
2024-07-05,B0B69DD2C7,
2024-07-06,B0B69DD2C7,
2024-07-07,B0B69DD2C7,
2024-07-08,B0B69DD2C7,
2024-07-09,B0B69DD2C7,
2024-07-10,B0B69DD2C7,
2024-07-11,B0B69DD2C7,
2024-07-13,B0B69DD2C7,
2024-07-14,B0B69DD2C7,
2024-07-15,B0B69DD2C7,
2024-07-17,B0B69DD2C7,
2024-07-21,B0B69DD2C7,
2024-07-22,B0B69DD2C7,
2024-07-25,B0B69DD2C7,
2024-07-01,B0B69DK8JN,
2024-07-02,B0B69DK8JN,
2024-07-03,B0B69DK8JN,
2024-07-04,B0B69DK8JN,
2024-07-05,B0B69DK8JN,
2024-07-06,B0B69DK8JN,
2024-07-07,B0B69DK8JN,
2024-07-08,B0B69DK8JN,
2024-07-09,B0B69DK8JN,
2024-07-10,B0B69DK8JN,
2024-07-11,B0B69DK8JN,
2024-07-12,B0B69DK8JN,
2024-07-13,B0B69DK8JN,
2024-07-14,B0B69DK8JN,
2024-07-15,B0B69DK8JN,
2024-07-16,B0B69DK8JN,
2024-07-17,B0B69DK8JN,
2024-07-18,B0B69DK8JN,
2024-07-19,B0B69DK8JN,
2024-07-20,B0B69DK8JN,
2024-07-21,B0B69DK8JN,
2024-07-22,B0B69DK8JN,
2024-07-23,B0B69DK8JN,
2024-07-24,B0B69DK8JN,
2024-07-26,B0B69DK8JN,
2024-07-01,B0B69FBGN1,
2024-07-02,B0B69FBGN1,
2024-07-03,B0B69FBGN1,
2024-07-04,B0B69FBGN1,
2024-07-05,B0B69FBGN1,
2024-07-06,B0B69FBGN1,
2024-07-07,B0B69FBGN1,
2024-07-08,B0B69FBGN1,
2024-07-10,B0B69FBGN1,
2024-07-11,B0B69FBGN1,
2024-07-12,B0B69FBGN1,
2024-07-13,B0B69FBGN1,
2024-07-15,B0B69FBGN1,
2024-07-16,B0B69FBGN1,
2024-07-26,B0B69FBGN1,
2024-07-01,B0B69G3YRM,
2024-07-02,B0B69G3YRM,
2024-07-10,B0B69G3YRM,
2024-07-11,B0B69G3YRM,
2024-07-20,B0B69G3YRM,
2024-07-21,B0B69G3YRM,
2024-07-22,B0B69G3YRM,
2024-07-01,B0B69GN5KJ,
2024-07-02,B0B69GN5KJ,
2024-07-03,B0B69GN5KJ,
2024-07-04,B0B69GN5KJ,
2024-07-05,B0B69GN5KJ,
2024-07-06,B0B69GN5KJ,
2024-07-07,B0B69GN5KJ,
2024-07-08,B0B69GN5KJ,
2024-07-10,B0B69GN5KJ,
2024-07-11,B0B69GN5KJ,
2024-07-16,B0B69GN5KJ,
2024-07-17,B0B69GN5KJ,
2024-07-18,B0B69GN5KJ,
2024-07-19,B0B69GN5KJ,
2024-07-24,B0B69GN5KJ,
2024-07-09,B0B69N4B1S,
2024-07-10,B0B69N4B1S,
2024-07-11,B0B69N4B1S,
2024-07-16,B0B69N4B1S,
2024-07-18,B0B69N4B1S,
2024-07-19,B0B69N4B1S,
2024-07-01,B0B69SF1BT,
2024-07-02,B0B69SF1BT,
2024-07-03,B0B69SF1BT,
2024-07-04,B0B69SF1BT,
2024-07-05,B0B69SF1BT,
2024-07-06,B0B69SF1BT,
2024-07-07,B0B69SF1BT,
2024-07-08,B0B69SF1BT,
2024-07-10,B0B69SF1BT,
2024-07-11,B0B69SF1BT,
2024-07-13,B0B69SF1BT,
2024-07-15,B0B69SF1BT,
2024-07-16,B0B69SF1BT,
2024-07-17,B0B69SF1BT,
2024-07-18,B0B69SF1BT,
2024-07-19,B0B69SF1BT,
2024-07-21,B0B69SF1BT,
2024-07-22,B0B69SF1BT,
2024-07-23,B0B69SF1BT,
2024-07-26,B0B69SF1BT,
2024-07-01,B0BDRQWBK9,
2024-07-02,B0BDRQWBK9,
2024-07-03,B0BDRQWBK9,
2024-07-04,B0BDRQWBK9,
2024-07-05,B0BDRQWBK9,
2024-07-06,B0BDRQWBK9,
2024-07-07,B0BDRQWBK9,
2024-07-08,B0BDRQWBK9,
2024-07-09,B0BDRQWBK9,
2024-07-10,B0BDRQWBK9,
2024-07-11,B0BDRQWBK9,
2024-07-14,B0BDRQWBK9,
2024-07-16,B0BDRQWBK9,
2024-07-18,B0BDRQWBK9,
2024-07-19,B0BDRQWBK9,
2024-07-20,B0BDRQWBK9,
2024-07-21,B0BDRQWBK9,
2024-07-22,B0BDRQWBK9,
2024-07-23,B0BDRQWBK9,
2024-07-24,B0BDRQWBK9,
2024-07-25,B0BDRQWBK9,
2024-07-26,B0BDRQWBK9,
2024-07-01,B0BDRS6R5Z,
2024-07-02,B0BDRS6R5Z,
2024-07-03,B0BDRS6R5Z,
2024-07-04,B0BDRS6R5Z,
2024-07-05,B0BDRS6R5Z,
2024-07-08,B0BDRS6R5Z,
2024-07-09,B0BDRS6R5Z,
2024-07-15,B0BDRS6R5Z,
2024-07-16,B0BDRS6R5Z,
2024-07-18,B0BDRS6R5Z,
2024-07-19,B0BDRS6R5Z,
2024-07-24,B0BDRS6R5Z,
2024-07-25,B0BDRS6R5Z,
2024-07-26,B0BDRS6R5Z,
2024-07-01,B0BDRTZTGX,
2024-07-02,B0BDRTZTGX,
2024-07-03,B0BDRTZTGX,
2024-07-04,B0BDRTZTGX,
2024-07-05,B0BDRTZTGX,
2024-07-06,B0BDRTZTGX,
2024-07-07,B0BDRTZTGX,
2024-07-08,B0BDRTZTGX,
2024-07-09,B0BDRTZTGX,
2024-07-10,B0BDRTZTGX,
2024-07-11,B0BDRTZTGX,
2024-07-12,B0BDRTZTGX,
2024-07-13,B0BDRTZTGX,
2024-07-14,B0BDRTZTGX,
2024-07-15,B0BDRTZTGX,
2024-07-16,B0BDRTZTGX,
2024-07-17,B0BDRTZTGX,
2024-07-18,B0BDRTZTGX,
2024-07-19,B0BDRTZTGX,
2024-07-21,B0BDRTZTGX,
2024-07-22,B0BDRTZTGX,
2024-07-01,B0BG2PD396,
2024-07-02,B0BG2PD396,
2024-07-03,B0BG2PD396,
2024-07-04,B0BG2PD396,
2024-07-05,B0BG2PD396,
2024-07-06,B0BG2PD396,
2024-07-07,B0BG2PD396,
2024-07-08,B0BG2PD396,
2024-07-09,B0BG2PD396,
2024-07-10,B0BG2PD396,
2024-07-11,B0BG2PD396,
2024-07-12,B0BG2PD396,
2024-07-13,B0BG2PD396,
2024-07-14,B0BG2PD396,
2024-07-15,B0BG2PD396,
2024-07-16,B0BG2PD396,
2024-07-17,B0BG2PD396,
2024-07-18,B0BG2PD396,
2024-07-19,B0BG2PD396,
2024-07-20,B0BG2PD396,
2024-07-21,B0BG2PD396,
2024-07-22,B0BG2PD396,
2024-07-24,B0BG2PD396,
2024-07-25,B0BG2PD396,
2024-07-26,B0BG2PD396,
2024-07-27,B0BG2PD396,
2024-07-28,B0BG2PD396,
2024-07-03,B0BG2QXQ9V,
2024-07-04,B0BG2QXQ9V,
2024-07-05,B0BG2QXQ9V,
2024-07-01,B0BG2T78CJ,
2024-07-02,B0BG2T78CJ,
2024-07-03,B0BG2T78CJ,
2024-07-04,B0BG2T78CJ,
2024-07-05,B0BG2T78CJ,
2024-07-06,B0BG2T78CJ,
2024-07-07,B0BG2T78CJ,
2024-07-09,B0BG2T78CJ,
2024-07-10,B0BG2T78CJ,
2024-07-11,B0BG2T78CJ,
2024-07-12,B0BG2T78CJ,
2024-07-13,B0BG2T78CJ,
2024-07-16,B0BG2T78CJ,
2024-07-17,B0BG2T78CJ,
2024-07-18,B0BG2T78CJ,
2024-07-19,B0BG2T78CJ,
2024-07-21,B0BG2T78CJ,
2024-07-22,B0BG2T78CJ,
2024-07-26,B0BG2T78CJ,
2024-07-06,B0BG2VYWSG,
2024-07-07,B0BG2VYWSG,
2024-07-14,B0BG2VYWSG,
2024-07-15,B0BG2VYWSG,
2024-07-17,B0BG2VYWSG,
2024-07-01,B0BG2Z8CY4,
2024-07-02,B0BG2Z8CY4,
2024-07-03,B0BG2Z8CY4,
2024-07-04,B0BG2Z8CY4,
2024-07-05,B0BG2Z8CY4,
2024-07-08,B0BG2Z8CY4,
2024-07-10,B0BG2Z8CY4,
2024-07-11,B0BG2Z8CY4,
2024-07-21,B0BG2Z8CY4,
2024-07-22,B0BG2Z8CY4,
2024-07-25,B0BG2Z8CY4,
2024-07-01,B0BGDWGRQB,
2024-07-02,B0BGDWGRQB,
2024-07-03,B0BGDWGRQB,
2024-07-04,B0BGDWGRQB,
2024-07-05,B0BGDWGRQB,
2024-07-06,B0BGDWGRQB,
2024-07-07,B0BGDWGRQB,
2024-07-08,B0BGDWGRQB,
2024-07-09,B0BGDWGRQB,
2024-07-10,B0BGDWGRQB,
2024-07-11,B0BGDWGRQB,
2024-07-12,B0BGDWGRQB,
2024-07-13,B0BGDWGRQB,
2024-07-14,B0BGDWGRQB,
2024-07-15,B0BGDWGRQB,
2024-07-16,B0BGDWGRQB,
2024-07-17,B0BGDWGRQB,
2024-07-18,B0BGDWGRQB,
2024-07-19,B0BGDWGRQB,
2024-07-20,B0BGDWGRQB,
2024-07-21,B0BGDWGRQB,
2024-07-22,B0BGDWGRQB,
2024-07-23,B0BGDWGRQB,
2024-07-24,B0BGDWGRQB,
2024-07-25,B0BGDWGRQB,
2024-07-26,B0BGDWGRQB,
2024-07-01,B0BGDX2Z3L,
2024-07-02,B0BGDX2Z3L,
2024-07-03,B0BGDX2Z3L,
2024-07-04,B0BGDX2Z3L,
2024-07-05,B0BGDX2Z3L,
2024-07-06,B0BGDX2Z3L,
2024-07-07,B0BGDX2Z3L,
2024-07-08,B0BGDX2Z3L,
2024-07-09,B0BGDX2Z3L,
2024-07-10,B0BGDX2Z3L,
2024-07-11,B0BGDX2Z3L,
2024-07-12,B0BGDX2Z3L,
2024-07-13,B0BGDX2Z3L,
2024-07-14,B0BGDX2Z3L,
2024-07-15,B0BGDX2Z3L,
2024-07-16,B0BGDX2Z3L,
2024-07-17,B0BGDX2Z3L,
2024-07-18,B0BGDX2Z3L,
2024-07-19,B0BGDX2Z3L,
2024-07-20,B0BGDX2Z3L,
2024-07-21,B0BGDX2Z3L,
2024-07-22,B0BGDX2Z3L,
2024-07-23,B0BGDX2Z3L,
2024-07-24,B0BGDX2Z3L,
2024-07-25,B0BGDX2Z3L,
2024-07-26,B0BGDX2Z3L,
2024-07-27,B0BGDX2Z3L,
2024-07-28,B0BGDX2Z3L,
2024-07-01,B0BGDXM13S,
2024-07-02,B0BGDXM13S,
2024-07-03,B0BGDXM13S,
2024-07-04,B0BGDXM13S,
2024-07-05,B0BGDXM13S,
2024-07-06,B0BGDXM13S,
2024-07-07,B0BGDXM13S,
2024-07-08,B0BGDXM13S,
2024-07-09,B0BGDXM13S,
2024-07-10,B0BGDXM13S,
2024-07-11,B0BGDXM13S,
2024-07-12,B0BGDXM13S,
2024-07-14,B0BGDXM13S,
2024-07-15,B0BGDXM13S,
2024-07-18,B0BGDXM13S,
2024-07-19,B0BGDXM13S,
2024-07-20,B0BGDXM13S,
2024-07-21,B0BGDXM13S,
2024-07-22,B0BGDXM13S,
2024-07-24,B0BGDXM13S,
2024-07-25,B0BGDXM13S,
2024-07-26,B0BGDXM13S,
2024-07-01,B0BGDXV7FD,
2024-07-02,B0BGDXV7FD,
2024-07-03,B0BGDXV7FD,
2024-07-04,B0BGDXV7FD,
2024-07-05,B0BGDXV7FD,
2024-07-06,B0BGDXV7FD,
2024-07-07,B0BGDXV7FD,
2024-07-08,B0BGDXV7FD,
2024-07-09,B0BGDXV7FD,
2024-07-10,B0BGDXV7FD,
2024-07-11,B0BGDXV7FD,
2024-07-12,B0BGDXV7FD,
2024-07-13,B0BGDXV7FD,
2024-07-14,B0BGDXV7FD,
2024-07-15,B0BGDXV7FD,
2024-07-16,B0BGDXV7FD,
2024-07-17,B0BGDXV7FD,
2024-07-18,B0BGDXV7FD,
2024-07-19,B0BGDXV7FD,
2024-07-20,B0BGDXV7FD,
2024-07-21,B0BGDXV7FD,
2024-07-22,B0BGDXV7FD,
2024-07-23,B0BGDXV7FD,
2024-07-24,B0BGDXV7FD,
2024-07-25,B0BGDXV7FD,
2024-07-26,B0BGDXV7FD,
2024-07-27,B0BGDXV7FD,
2024-07-28,B0BGDXV7FD,
2024-07-01,B0BGDZLDX2,
2024-07-02,B0BGDZLDX2,
2024-07-03,B0BGDZLDX2,
2024-07-04,B0BGDZLDX2,
2024-07-05,B0BGDZLDX2,
2024-07-06,B0BGDZLDX2,
2024-07-07,B0BGDZLDX2,
2024-07-08,B0BGDZLDX2,
2024-07-09,B0BGDZLDX2,
2024-07-10,B0BGDZLDX2,
2024-07-11,B0BGDZLDX2,
2024-07-12,B0BGDZLDX2,
2024-07-14,B0BGDZLDX2,
2024-07-15,B0BGDZLDX2,
2024-07-16,B0BGDZLDX2,
2024-07-17,B0BGDZLDX2,
2024-07-18,B0BGDZLDX2,
2024-07-19,B0BGDZLDX2,
2024-07-20,B0BGDZLDX2,
2024-07-21,B0BGDZLDX2,
2024-07-22,B0BGDZLDX2,
2024-07-24,B0BGDZLDX2,
2024-07-01,B0BNKXC5H1,
2024-07-02,B0BNKXC5H1,
2024-07-03,B0BNKXC5H1,
2024-07-04,B0BNKXC5H1,
2024-07-05,B0BNKXC5H1,
2024-07-01,B0BNKY8RQN,
2024-07-02,B0BNKY8RQN,
2024-07-12,B0BNKY8RQN,
2024-07-13,B0BNKY8RQN,
2024-07-17,B0BNKY8RQN,
2024-07-18,B0BNKY8RQN,
2024-07-19,B0BNKY8RQN,
2024-07-20,B0BNKY8RQN,
2024-07-10,B0BNKYPVM6,
2024-07-11,B0BNKYPVM6,
2024-07-12,B0BNKYPVM6,
2024-07-13,B0BNKYPVM6,
2024-07-14,B0BNKYPVM6,
2024-07-15,B0BNKYPVM6,
2024-07-21,B0BNKYPVM6,
2024-07-22,B0BNKYPVM6,
2024-07-23,B0BNKYPVM6,
2024-07-16,B0BNKYW36G,
2024-07-17,B0BNKYW36G,
2024-07-24,B0BNKYW36G,
2024-07-25,B0BNKYW36G,
2024-07-01,B0BNKYZD2Z,
2024-07-02,B0BNKYZD2Z,
2024-07-03,B0BNKYZD2Z,
2024-07-04,B0BNKYZD2Z,
2024-07-05,B0BNKYZD2Z,
2024-07-06,B0BNKYZD2Z,
2024-07-07,B0BNKYZD2Z,
2024-07-08,B0BNKYZD2Z,
2024-07-09,B0BNKYZD2Z,
2024-07-10,B0BNKYZD2Z,
2024-07-11,B0BNKYZD2Z,
2024-07-12,B0BNKYZD2Z,
2024-07-13,B0BNKYZD2Z,
2024-07-14,B0BNKYZD2Z,
2024-07-15,B0BNKYZD2Z,
2024-07-16,B0BNKYZD2Z,
2024-07-17,B0BNKYZD2Z,
2024-07-21,B0BNKYZD2Z,
2024-07-26,B0BNKYZD2Z,
2024-07-27,B0BNKYZD2Z,
2024-07-28,B0BNKYZD2Z,
2024-07-16,B0BNKZ5BR1,
2024-07-17,B0BNKZ5BR1,
2024-07-18,B0BNKZ5BR1,
2024-07-19,B0BNKZ5BR1,
2024-07-20,B0BNKZ5BR1,
2024-07-21,B0BNKZ5BR1,
2024-07-22,B0BNKZ5BR1,
2024-07-23,B0BNKZ5BR1,
2024-07-24,B0BNKZ5BR1,
2024-07-25,B0BNKZ5BR1,
2024-07-26,B0BNKZ5BR1,
2024-07-18,B0BNKZ6N9L,
2024-07-19,B0BNKZ6N9L,
2024-07-01,B0BNKZ88Z5,
2024-07-02,B0BNKZ88Z5,
2024-07-03,B0BNKZ88Z5,
2024-07-04,B0BNKZ88Z5,
2024-07-05,B0BNKZ88Z5,
2024-07-06,B0BNKZ88Z5,
2024-07-07,B0BNKZ88Z5,
2024-07-08,B0BNKZ88Z5,
2024-07-09,B0BNKZ88Z5,
2024-07-10,B0BNKZ88Z5,
2024-07-11,B0BNKZ88Z5,
2024-07-12,B0BNKZ88Z5,
2024-07-13,B0BNKZ88Z5,
2024-07-14,B0BNKZ88Z5,
2024-07-15,B0BNKZ88Z5,
2024-07-16,B0BNKZ88Z5,
2024-07-17,B0BNKZ88Z5,
2024-07-20,B0BNKZ88Z5,
2024-07-26,B0BNKZ88Z5,
2024-07-27,B0BNKZ88Z5,
2024-07-28,B0BNKZ88Z5,
2024-07-01,B0BNKZ9BJR,
2024-07-02,B0BNKZ9BJR,
2024-07-03,B0BNKZ9BJR,
2024-07-04,B0BNKZ9BJR,
2024-07-05,B0BNKZ9BJR,
2024-07-06,B0BNKZ9BJR,
2024-07-07,B0BNKZ9BJR,
2024-07-08,B0BNKZ9BJR,
2024-07-09,B0BNKZ9BJR,
2024-07-10,B0BNKZ9BJR,
2024-07-11,B0BNKZ9BJR,
2024-07-16,B0BNKZ9BJR,
2024-07-17,B0BNKZ9BJR,
2024-07-18,B0BNKZ9BJR,
2024-07-19,B0BNKZ9BJR,
2024-07-20,B0BNKZ9BJR,
2024-07-23,B0BNKZ9BJR,
2024-07-09,B0BNKZBJX2,
2024-07-10,B0BNKZBJX2,
2024-07-11,B0BNKZBJX2,
2024-07-16,B0BNKZBJX2,
2024-07-17,B0BNKZBJX2,
2024-07-18,B0BNKZBJX2,
2024-07-19,B0BNKZBJX2,
2024-07-20,B0BNKZBJX2,
2024-07-21,B0BNKZBJX2,
2024-07-22,B0BNKZBJX2,
2024-07-23,B0BNKZBJX2,
2024-07-24,B0BNKZBJX2,
2024-07-01,B0BNKZCWFL,
2024-07-02,B0BNKZCWFL,
2024-07-03,B0BNKZCWFL,
2024-07-04,B0BNKZCWFL,
2024-07-05,B0BNKZCWFL,
2024-07-06,B0BNKZCWFL,
2024-07-07,B0BNKZCWFL,
2024-07-10,B0BNKZCWFL,
2024-07-11,B0BNKZCWFL,
2024-07-12,B0BNKZCWFL,
2024-07-14,B0BNKZCWFL,
2024-07-15,B0BNKZCWFL,
2024-07-16,B0BNKZCWFL,
2024-07-17,B0BNKZCWFL,
2024-07-18,B0BNKZCWFL,
2024-07-19,B0BNKZCWFL,
2024-07-21,B0BNKZCWFL,
2024-07-22,B0BNKZCWFL,
2024-07-16,B0BNKZF51P,
2024-07-17,B0BNKZF51P,
2024-07-18,B0BNKZF51P,
2024-07-19,B0BNKZF51P,
2024-07-03,B0BNKZKGFG,
2024-07-04,B0BNKZKGFG,
2024-07-05,B0BNKZKGFG,
2024-07-21,B0BNKZKGFG,
2024-07-22,B0BNKZKGFG,
2024-07-23,B0BNKZKGFG,
2024-07-01,B0BNKZYHRX,
2024-07-02,B0BNKZYHRX,
2024-07-18,B0BNKZYHRX,
2024-07-19,B0BNKZYHRX,
2024-07-16,B0BNL117VT,
2024-07-24,B0BNL117VT,
2024-07-25,B0BNL117VT,
2024-07-01,B0BNL11QD8,
2024-07-02,B0BNL11QD8,
2024-07-03,B0BNL11QD8,
2024-07-04,B0BNL11QD8,
2024-07-05,B0BNL11QD8,
2024-07-10,B0BNL11QD8,
2024-07-11,B0BNL11QD8,
2024-07-16,B0BNL11QD8,
2024-07-17,B0BNL11QD8,
2024-07-18,B0BNL11QD8,
2024-07-19,B0BNL11QD8,
2024-07-24,B0BNL11QD8,
2024-07-25,B0BNL11QD8,
2024-07-26,B0BNL11QD8,
2024-07-08,B0BNL13PNY,
2024-07-09,B0BNL13PNY,
2024-07-16,B0BNL13PNY,
2024-07-17,B0BNL13PNY,
2024-07-18,B0BNL13PNY,
2024-07-19,B0BNL13PNY,
2024-07-20,B0BNL13PNY,
2024-07-21,B0BNL13PNY,
2024-07-22,B0BNL13PNY,
2024-07-23,B0BNL13PNY,
2024-07-24,B0BNL13PNY,
2024-07-25,B0BNL13PNY,
2024-07-01,B0BNL1CG6X,
2024-07-02,B0BNL1CG6X,
2024-07-09,B0BNL1CG6X,
2024-07-10,B0BNL1CG6X,
2024-07-11,B0BNL1CG6X,
2024-07-15,B0BNL1MQ48,
2024-07-16,B0BNL1MQ48,
2024-07-16,B0BNL1RDVC,
2024-07-16,B0BNL1WL6R,
2024-07-17,B0BNL1WL6R,
2024-07-16,B0BNL2VK7L,
2024-07-17,B0BNL2VK7L,
2024-07-18,B0BNL2VK7L,
2024-07-19,B0BNL2VK7L,
2024-07-20,B0BNL2VK7L,
2024-07-23,B0BNL2VK7L,
2024-07-01,B0BNL3J36Z,
2024-07-02,B0BNL3J36Z,
2024-07-03,B0BNL3J36Z,
2024-07-04,B0BNL3J36Z,
2024-07-05,B0BNL3J36Z,
2024-07-06,B0BNL3J36Z,
2024-07-07,B0BNL3J36Z,
2024-07-08,B0BNL3J36Z,
2024-07-09,B0BNL3J36Z,
2024-07-10,B0BNL3J36Z,
2024-07-11,B0BNL3J36Z,
2024-07-12,B0BNL3J36Z,
2024-07-13,B0BNL3J36Z,
2024-07-14,B0BNL3J36Z,
2024-07-15,B0BNL3J36Z,
2024-07-16,B0BNL3J36Z,
2024-07-17,B0BNL3J36Z,
2024-07-26,B0BNL3J36Z,
2024-07-27,B0BNL3J36Z,
2024-07-28,B0BNL3J36Z,
2024-07-03,B0BNL3RDG4,
2024-07-04,B0BNL3RDG4,
2024-07-05,B0BNL3RDG4,
2024-07-09,B0BNL3RDG4,
2024-07-10,B0BNL3RDG4,
2024-07-11,B0BNL3RDG4,
2024-07-16,B0BNL3RDG4,
2024-07-17,B0BNL3RDG4,
2024-07-18,B0BNL3RDG4,
2024-07-19,B0BNL3RDG4,
2024-07-20,B0BNL3RDG4,
2024-07-21,B0BNL3RDG4,
2024-07-22,B0BNL3RDG4,
2024-07-01,B0BNL3YY1C,
2024-07-02,B0BNL3YY1C,
2024-07-17,B0BNL3YY1C,
2024-07-18,B0BNL3YY1C,
2024-07-19,B0BNL3YY1C,
2024-07-15,B0BNL3ZV7H,
2024-07-16,B0BNL3ZV7H,
2024-07-26,B0BNL424DV,
2024-07-03,B0BNL43XHH,
2024-07-04,B0BNL43XHH,
2024-07-05,B0BNL43XHH,
2024-07-12,B0BNL46Y7W,
2024-07-18,B0BNL46Y7W,
2024-07-19,B0BNL46Y7W,
2024-07-08,B0BNL4CB4X,
2024-07-10,B0BNL4CB4X,
2024-07-11,B0BNL4CB4X,
2024-07-23,B0BNL4CB4X,
2024-07-26,B0BNL4CB4X,
2024-07-23,B0BNL4HPH9,
2024-07-24,B0BNL4HPH9,
2024-07-25,B0BNL4HPH9,
2024-07-01,B0BNL4L4K5,
2024-07-02,B0BNL4L4K5,
2024-07-18,B0BNL4NX61,
2024-07-19,B0BNL4NX61,
2024-07-01,B0BNL4S6MB,
2024-07-02,B0BNL4S6MB,
2024-07-03,B0BNL4S6MB,
2024-07-04,B0BNL4S6MB,
2024-07-05,B0BNL4S6MB,
2024-07-10,B0BNL4S6MB,
2024-07-11,B0BNL4S6MB,
2024-07-20,B0BNL4S6MB,
2024-07-21,B0BNL4S6MB,
2024-07-22,B0BNL4S6MB,
2024-07-16,B0BNL4S7GH,
2024-07-17,B0BNL4S7GH,
2024-07-18,B0BNL4S7GH,
2024-07-19,B0BNL4S7GH,
2024-07-21,B0BNL4S7GH,
2024-07-22,B0BNL4S7GH,
2024-07-03,B0BNL4Y2J9,
2024-07-04,B0BNL4Y2J9,
2024-07-05,B0BNL4Y2J9,
2024-07-06,B0BNL4Y2J9,
2024-07-07,B0BNL4Y2J9,
2024-07-08,B0BNL4Y2J9,
2024-07-09,B0BNL4Y2J9,
2024-07-10,B0BNL4Y2J9,
2024-07-11,B0BNL4Y2J9,
2024-07-16,B0BNL4Y2J9,
2024-07-17,B0BNL4Y2J9,
2024-07-18,B0BNL4Y2J9,
2024-07-19,B0BNL4Y2J9,
2024-07-20,B0BNL4Y2J9,
2024-07-01,B0BNL5BKMK,
2024-07-02,B0BNL5BKMK,
2024-07-03,B0BNL5BKMK,
2024-07-04,B0BNL5BKMK,
2024-07-05,B0BNL5BKMK,
2024-07-06,B0BNL5BKMK,
2024-07-07,B0BNL5BKMK,
2024-07-08,B0BNL5BKMK,
2024-07-09,B0BNL5BKMK,
2024-07-10,B0BNL5BKMK,
2024-07-11,B0BNL5BKMK,
2024-07-12,B0BNL5BKMK,
2024-07-13,B0BNL5BKMK,
2024-07-14,B0BNL5BKMK,
2024-07-15,B0BNL5BKMK,
2024-07-16,B0BNL5BKMK,
2024-07-17,B0BNL5BKMK,
2024-07-23,B0BNL5BKMK,
2024-07-25,B0BNL5BKMK,
2024-07-26,B0BNL5BKMK,
2024-07-27,B0BNL5BKMK,
2024-07-28,B0BNL5BKMK,
2024-07-13,B0BNL5CJ8G,
2024-07-14,B0BNL5CJ8G,
2024-07-15,B0BNL5CJ8G,
2024-07-16,B0BNL5CJ8G,
2024-07-17,B0BNL5CJ8G,
2024-07-18,B0BNL5CJ8G,
2024-07-19,B0BNL5CJ8G,
2024-07-20,B0BNL5CJ8G,
2024-07-12,B0BNL5HYLR,
2024-07-13,B0BNL5HYLR,
2024-07-14,B0BNL5HYLR,
2024-07-15,B0BNL5HYLR,
2024-07-16,B0BNL5HYLR,
2024-07-17,B0BNL5HYLR,
2024-07-18,B0BNL5HYLR,
2024-07-19,B0BNL5HYLR,
2024-07-20,B0BNL5HYLR,
2024-07-23,B0BNL5HYLR,
2024-07-24,B0BNL5HYLR,
2024-07-12,B0BNL5JR7V,
2024-07-13,B0BNL5JR7V,
2024-07-17,B0BNL5JR7V,
2024-07-18,B0BNL5JR7V,
2024-07-19,B0BNL5JR7V,
2024-07-16,B0BNL5LCM5,
2024-07-17,B0BNL5LCM5,
2024-07-17,B0BNL5N28Z,
2024-07-18,B0BNL5N28Z,
2024-07-19,B0BNL5N28Z,
2024-07-24,B0BNL64PBG,
2024-07-25,B0BNL64PBG,
2024-07-16,B0BNL6H152,
2024-07-17,B0BNL6H152,
2024-07-18,B0BNL6H152,
2024-07-19,B0BNL6H152,
2024-07-20,B0BNL6H152,
2024-07-01,B0BNL7TJRT,
2024-07-02,B0BNL7TJRT,
2024-07-03,B0BNL7TJRT,
2024-07-04,B0BNL7TJRT,
2024-07-05,B0BNL7TJRT,
2024-07-06,B0BNL7TJRT,
2024-07-07,B0BNL7TJRT,
2024-07-16,B0BNL7TJRT,
2024-07-17,B0BNL7TJRT,
2024-07-18,B0BNL7TJRT,
2024-07-19,B0BNL7TJRT,
2024-07-01,B0BRCW2B64,
2024-07-02,B0BRCW2B64,
2024-07-03,B0BRCW2B64,
2024-07-04,B0BRCW2B64,
2024-07-05,B0BRCW2B64,
2024-07-06,B0BRCW2B64,
2024-07-07,B0BRCW2B64,
2024-07-08,B0BRCW2B64,
2024-07-09,B0BRCW2B64,
2024-07-10,B0BRCW2B64,
2024-07-11,B0BRCW2B64,
2024-07-12,B0BRCW2B64,
2024-07-13,B0BRCW2B64,
2024-07-14,B0BRCW2B64,
2024-07-15,B0BRCW2B64,
2024-07-16,B0BRCW2B64,
2024-07-17,B0BRCW2B64,
2024-07-18,B0BRCW2B64,
2024-07-19,B0BRCW2B64,
2024-07-20,B0BRCW2B64,
2024-07-21,B0BRCW2B64,
2024-07-22,B0BRCW2B64,
2024-07-23,B0BRCW2B64,
2024-07-24,B0BRCW2B64,
2024-07-25,B0BRCW2B64,
2024-07-26,B0BRCW2B64,
2024-07-27,B0BRCW2B64,
2024-07-28,B0BRCW2B64,
2024-07-01,B0BRCW79VK,
2024-07-02,B0BRCW79VK,
2024-07-03,B0BRCW79VK,
2024-07-04,B0BRCW79VK,
2024-07-05,B0BRCW79VK,
2024-07-06,B0BRCW79VK,
2024-07-07,B0BRCW79VK,
2024-07-08,B0BRCW79VK,
2024-07-09,B0BRCW79VK,
2024-07-10,B0BRCW79VK,
2024-07-11,B0BRCW79VK,
2024-07-12,B0BRCW79VK,
2024-07-13,B0BRCW79VK,
2024-07-14,B0BRCW79VK,
2024-07-15,B0BRCW79VK,
2024-07-16,B0BRCW79VK,
2024-07-17,B0BRCW79VK,
2024-07-18,B0BRCW79VK,
2024-07-19,B0BRCW79VK,
2024-07-20,B0BRCW79VK,
2024-07-21,B0BRCW79VK,
2024-07-22,B0BRCW79VK,
2024-07-23,B0BRCW79VK,
2024-07-24,B0BRCW79VK,
2024-07-25,B0BRCW79VK,
2024-07-26,B0BRCW79VK,
2024-07-27,B0BRCW79VK,
2024-07-28,B0BRCW79VK,
2024-07-01,B0BRCXCXCV,
2024-07-02,B0BRCXCXCV,
2024-07-03,B0BRCXCXCV,
2024-07-04,B0BRCXCXCV,
2024-07-05,B0BRCXCXCV,
2024-07-06,B0BRCXCXCV,
2024-07-07,B0BRCXCXCV,
2024-07-08,B0BRCXCXCV,
2024-07-09,B0BRCXCXCV,
2024-07-10,B0BRCXCXCV,
2024-07-11,B0BRCXCXCV,
2024-07-12,B0BRCXCXCV,
2024-07-13,B0BRCXCXCV,
2024-07-14,B0BRCXCXCV,
2024-07-15,B0BRCXCXCV,
2024-07-16,B0BRCXCXCV,
2024-07-17,B0BRCXCXCV,
2024-07-18,B0BRCXCXCV,
2024-07-19,B0BRCXCXCV,
2024-07-20,B0BRCXCXCV,
2024-07-21,B0BRCXCXCV,
2024-07-22,B0BRCXCXCV,
2024-07-23,B0BRCXCXCV,
2024-07-24,B0BRCXCXCV,
2024-07-25,B0BRCXCXCV,
2024-07-26,B0BRCXCXCV,
2024-07-27,B0BRCXCXCV,
2024-07-28,B0BRCXCXCV,
2024-07-01,B0BRCXDHBX,
2024-07-02,B0BRCXDHBX,
2024-07-03,B0BRCXDHBX,
2024-07-04,B0BRCXDHBX,
2024-07-05,B0BRCXDHBX,
2024-07-06,B0BRCXDHBX,
2024-07-07,B0BRCXDHBX,
2024-07-08,B0BRCXDHBX,
2024-07-09,B0BRCXDHBX,
2024-07-10,B0BRCXDHBX,
2024-07-11,B0BRCXDHBX,
2024-07-12,B0BRCXDHBX,
2024-07-13,B0BRCXDHBX,
2024-07-14,B0BRCXDHBX,
2024-07-15,B0BRCXDHBX,
2024-07-16,B0BRCXDHBX,
2024-07-17,B0BRCXDHBX,
2024-07-18,B0BRCXDHBX,
2024-07-19,B0BRCXDHBX,
2024-07-20,B0BRCXDHBX,
2024-07-21,B0BRCXDHBX,
2024-07-22,B0BRCXDHBX,
2024-07-23,B0BRCXDHBX,
2024-07-24,B0BRCXDHBX,
2024-07-25,B0BRCXDHBX,
2024-07-26,B0BRCXDHBX,
2024-07-27,B0BRCXDHBX,
2024-07-28,B0BRCXDHBX,
2024-07-01,B0BRCXJ1F6,
2024-07-02,B0BRCXJ1F6,
2024-07-03,B0BRCXJ1F6,
2024-07-04,B0BRCXJ1F6,
2024-07-05,B0BRCXJ1F6,
2024-07-01,B0BRCXJRX6,
2024-07-02,B0BRCXJRX6,
2024-07-03,B0BRCXJRX6,
2024-07-04,B0BRCXJRX6,
2024-07-05,B0BRCXJRX6,
2024-07-06,B0BRCXJRX6,
2024-07-07,B0BRCXJRX6,
2024-07-08,B0BRCXJRX6,
2024-07-09,B0BRCXJRX6,
2024-07-10,B0BRCXJRX6,
2024-07-11,B0BRCXJRX6,
2024-07-12,B0BRCXJRX6,
2024-07-13,B0BRCXJRX6,
2024-07-14,B0BRCXJRX6,
2024-07-15,B0BRCXJRX6,
2024-07-16,B0BRCXJRX6,
2024-07-17,B0BRCXJRX6,
2024-07-18,B0BRCXJRX6,
2024-07-19,B0BRCXJRX6,
2024-07-20,B0BRCXJRX6,
2024-07-21,B0BRCXJRX6,
2024-07-22,B0BRCXJRX6,
2024-07-23,B0BRCXJRX6,
2024-07-24,B0BRCXJRX6,
2024-07-25,B0BRCXJRX6,
2024-07-26,B0BRCXJRX6,
2024-07-27,B0BRCXJRX6,
2024-07-28,B0BRCXJRX6,
2024-07-01,B0BRCXP7VN,
2024-07-02,B0BRCXP7VN,
2024-07-03,B0BRCXP7VN,
2024-07-04,B0BRCXP7VN,
2024-07-05,B0BRCXP7VN,
2024-07-06,B0BRCXP7VN,
2024-07-07,B0BRCXP7VN,
2024-07-08,B0BRCXP7VN,
2024-07-09,B0BRCXP7VN,
2024-07-10,B0BRCXP7VN,
2024-07-11,B0BRCXP7VN,
2024-07-13,B0BRCXP7VN,
2024-07-14,B0BRCXP7VN,
2024-07-15,B0BRCXP7VN,
2024-07-16,B0BRCXP7VN,
2024-07-17,B0BRCXP7VN,
2024-07-18,B0BRCXP7VN,
2024-07-19,B0BRCXP7VN,
2024-07-20,B0BRCXP7VN,
2024-07-21,B0BRCXP7VN,
2024-07-22,B0BRCXP7VN,
2024-07-23,B0BRCXP7VN,
2024-07-24,B0BRCXP7VN,
2024-07-25,B0BRCXP7VN,
2024-07-26,B0BRCXP7VN,
2024-07-01,B0BRCXQMS5,
2024-07-02,B0BRCXQMS5,
2024-07-03,B0BRCXQMS5,
2024-07-04,B0BRCXQMS5,
2024-07-05,B0BRCXQMS5,
2024-07-06,B0BRCXQMS5,
2024-07-07,B0BRCXQMS5,
2024-07-08,B0BRCXQMS5,
2024-07-09,B0BRCXQMS5,
2024-07-10,B0BRCXQMS5,
2024-07-11,B0BRCXQMS5,
2024-07-12,B0BRCXQMS5,
2024-07-13,B0BRCXQMS5,
2024-07-14,B0BRCXQMS5,
2024-07-15,B0BRCXQMS5,
2024-07-16,B0BRCXQMS5,
2024-07-17,B0BRCXQMS5,
2024-07-18,B0BRCXQMS5,
2024-07-19,B0BRCXQMS5,
2024-07-20,B0BRCXQMS5,
2024-07-21,B0BRCXQMS5,
2024-07-22,B0BRCXQMS5,
2024-07-23,B0BRCXQMS5,
2024-07-24,B0BRCXQMS5,
2024-07-25,B0BRCXQMS5,
2024-07-26,B0BRCXQMS5,
2024-07-27,B0BRCXQMS5,
2024-07-28,B0BRCXQMS5,
2024-07-01,B0BRCXQRC9,
2024-07-02,B0BRCXQRC9,
2024-07-03,B0BRCXQRC9,
2024-07-04,B0BRCXQRC9,
2024-07-05,B0BRCXQRC9,
2024-07-06,B0BRCXQRC9,
2024-07-07,B0BRCXQRC9,
2024-07-08,B0BRCXQRC9,
2024-07-09,B0BRCXQRC9,
2024-07-10,B0BRCXQRC9,
2024-07-11,B0BRCXQRC9,
2024-07-12,B0BRCXQRC9,
2024-07-13,B0BRCXQRC9,
2024-07-14,B0BRCXQRC9,
2024-07-15,B0BRCXQRC9,
2024-07-16,B0BRCXQRC9,
2024-07-17,B0BRCXQRC9,
2024-07-18,B0BRCXQRC9,
2024-07-19,B0BRCXQRC9,
2024-07-20,B0BRCXQRC9,
2024-07-21,B0BRCXQRC9,
2024-07-22,B0BRCXQRC9,
2024-07-23,B0BRCXQRC9,
2024-07-24,B0BRCXQRC9,
2024-07-25,B0BRCXQRC9,
2024-07-26,B0BRCXQRC9,
2024-07-27,B0BRCXQRC9,
2024-07-28,B0BRCXQRC9,
2024-07-03,B0BRCXSTKW,
2024-07-04,B0BRCXSTKW,
2024-07-05,B0BRCXSTKW,
2024-07-06,B0BRCXSTKW,
2024-07-07,B0BRCXSTKW,
2024-07-08,B0BRCXSTKW,
2024-07-09,B0BRCXSTKW,
2024-07-10,B0BRCXSTKW,
2024-07-11,B0BRCXSTKW,
2024-07-12,B0BRCXSTKW,
2024-07-14,B0BRCXSTKW,
2024-07-15,B0BRCXSTKW,
2024-07-16,B0BRCXSTKW,
2024-07-17,B0BRCXSTKW,
2024-07-18,B0BRCXSTKW,
2024-07-19,B0BRCXSTKW,
2024-07-01,B0BRCXXBG2,
2024-07-02,B0BRCXXBG2,
2024-07-03,B0BRCXXBG2,
2024-07-04,B0BRCXXBG2,
2024-07-05,B0BRCXXBG2,
2024-07-06,B0BRCXXBG2,
2024-07-07,B0BRCXXBG2,
2024-07-08,B0BRCXXBG2,
2024-07-09,B0BRCXXBG2,
2024-07-10,B0BRCXXBG2,
2024-07-11,B0BRCXXBG2,
2024-07-12,B0BRCXXBG2,
2024-07-13,B0BRCXXBG2,
2024-07-14,B0BRCXXBG2,
2024-07-15,B0BRCXXBG2,
2024-07-16,B0BRCXXBG2,
2024-07-17,B0BRCXXBG2,
2024-07-18,B0BRCXXBG2,
2024-07-19,B0BRCXXBG2,
2024-07-20,B0BRCXXBG2,
2024-07-21,B0BRCXXBG2,
2024-07-22,B0BRCXXBG2,
2024-07-23,B0BRCXXBG2,
2024-07-24,B0BRCXXBG2,
2024-07-25,B0BRCXXBG2,
2024-07-26,B0BRCXXBG2,
2024-07-01,B0BRCY8QMH,
2024-07-02,B0BRCY8QMH,
2024-07-03,B0BRCY8QMH,
2024-07-04,B0BRCY8QMH,
2024-07-05,B0BRCY8QMH,
2024-07-06,B0BRCY8QMH,
2024-07-07,B0BRCY8QMH,
2024-07-08,B0BRCY8QMH,
2024-07-09,B0BRCY8QMH,
2024-07-10,B0BRCY8QMH,
2024-07-11,B0BRCY8QMH,
2024-07-12,B0BRCY8QMH,
2024-07-14,B0BRCY8QMH,
2024-07-15,B0BRCY8QMH,
2024-07-16,B0BRCY8QMH,
2024-07-17,B0BRCY8QMH,
2024-07-18,B0BRCY8QMH,
2024-07-19,B0BRCY8QMH,
2024-07-20,B0BRCY8QMH,
2024-07-21,B0BRCY8QMH,
2024-07-22,B0BRCY8QMH,
2024-07-23,B0BRCY8QMH,
2024-07-24,B0BRCY8QMH,
2024-07-25,B0BRCY8QMH,
2024-07-26,B0BRCY8QMH,
2024-07-01,B0BRCYJ33N,
2024-07-02,B0BRCYJ33N,
2024-07-03,B0BRCYJ33N,
2024-07-04,B0BRCYJ33N,
2024-07-05,B0BRCYJ33N,
2024-07-06,B0BRCYJ33N,
2024-07-07,B0BRCYJ33N,
2024-07-08,B0BRCYJ33N,
2024-07-09,B0BRCYJ33N,
2024-07-10,B0BRCYJ33N,
2024-07-11,B0BRCYJ33N,
2024-07-12,B0BRCYJ33N,
2024-07-13,B0BRCYJ33N,
2024-07-14,B0BRCYJ33N,
2024-07-15,B0BRCYJ33N,
2024-07-16,B0BRCYJ33N,
2024-07-17,B0BRCYJ33N,
2024-07-18,B0BRCYJ33N,
2024-07-19,B0BRCYJ33N,
2024-07-20,B0BRCYJ33N,
2024-07-21,B0BRCYJ33N,
2024-07-22,B0BRCYJ33N,
2024-07-23,B0BRCYJ33N,
2024-07-24,B0BRCYJ33N,
2024-07-25,B0BRCYJ33N,
2024-07-26,B0BRCYJ33N,
2024-07-27,B0BRCYJ33N,
2024-07-28,B0BRCYJ33N,
2024-07-01,B0BRCYJ4SR,
2024-07-02,B0BRCYJ4SR,
2024-07-03,B0BRCYJ4SR,
2024-07-04,B0BRCYJ4SR,
2024-07-05,B0BRCYJ4SR,
2024-07-06,B0BRCYJ4SR,
2024-07-07,B0BRCYJ4SR,
2024-07-08,B0BRCYJ4SR,
2024-07-09,B0BRCYJ4SR,
2024-07-10,B0BRCYJ4SR,
2024-07-11,B0BRCYJ4SR,
2024-07-14,B0BRCYJ4SR,
2024-07-15,B0BRCYJ4SR,
2024-07-16,B0BRCYJ4SR,
2024-07-17,B0BRCYJ4SR,
2024-07-18,B0BRCYJ4SR,
2024-07-19,B0BRCYJ4SR,
2024-07-20,B0BRCYJ4SR,
2024-07-23,B0BRCYJ4SR,
2024-07-24,B0BRCYJ4SR,
2024-07-26,B0BRCYJ4SR,
2024-07-01,B0BRCYK4JK,
2024-07-02,B0BRCYK4JK,
2024-07-03,B0BRCYK4JK,
2024-07-04,B0BRCYK4JK,
2024-07-05,B0BRCYK4JK,
2024-07-06,B0BRCYK4JK,
2024-07-07,B0BRCYK4JK,
2024-07-08,B0BRCYK4JK,
2024-07-09,B0BRCYK4JK,
2024-07-10,B0BRCYK4JK,
2024-07-11,B0BRCYK4JK,
2024-07-12,B0BRCYK4JK,
2024-07-13,B0BRCYK4JK,
2024-07-14,B0BRCYK4JK,
2024-07-15,B0BRCYK4JK,
2024-07-16,B0BRCYK4JK,
2024-07-17,B0BRCYK4JK,
2024-07-18,B0BRCYK4JK,
2024-07-19,B0BRCYK4JK,
2024-07-20,B0BRCYK4JK,
2024-07-21,B0BRCYK4JK,
2024-07-22,B0BRCYK4JK,
2024-07-23,B0BRCYK4JK,
2024-07-24,B0BRCYK4JK,
2024-07-25,B0BRCYK4JK,
2024-07-26,B0BRCYK4JK,
2024-07-27,B0BRCYK4JK,
2024-07-28,B0BRCYK4JK,
2024-07-01,B0BRCYQNSW,
2024-07-02,B0BRCYQNSW,
2024-07-03,B0BRCYQNSW,
2024-07-04,B0BRCYQNSW,
2024-07-05,B0BRCYQNSW,
2024-07-06,B0BRCYQNSW,
2024-07-07,B0BRCYQNSW,
2024-07-08,B0BRCYQNSW,
2024-07-09,B0BRCYQNSW,
2024-07-10,B0BRCYQNSW,
2024-07-11,B0BRCYQNSW,
2024-07-12,B0BRCYQNSW,
2024-07-13,B0BRCYQNSW,
2024-07-14,B0BRCYQNSW,
2024-07-15,B0BRCYQNSW,
2024-07-16,B0BRCYQNSW,
2024-07-17,B0BRCYQNSW,
2024-07-18,B0BRCYQNSW,
2024-07-19,B0BRCYQNSW,
2024-07-20,B0BRCYQNSW,
2024-07-21,B0BRCYQNSW,
2024-07-22,B0BRCYQNSW,
2024-07-23,B0BRCYQNSW,
2024-07-24,B0BRCYQNSW,
2024-07-25,B0BRCYQNSW,
2024-07-26,B0BRCYQNSW,
2024-07-27,B0BRCYQNSW,
2024-07-01,B0BRCYV77T,
2024-07-02,B0BRCYV77T,
2024-07-03,B0BRCYV77T,
2024-07-04,B0BRCYV77T,
2024-07-05,B0BRCYV77T,
2024-07-06,B0BRCYV77T,
2024-07-07,B0BRCYV77T,
2024-07-08,B0BRCYV77T,
2024-07-09,B0BRCYV77T,
2024-07-10,B0BRCYV77T,
2024-07-11,B0BRCYV77T,
2024-07-12,B0BRCYV77T,
2024-07-13,B0BRCYV77T,
2024-07-14,B0BRCYV77T,
2024-07-15,B0BRCYV77T,
2024-07-16,B0BRCYV77T,
2024-07-17,B0BRCYV77T,
2024-07-18,B0BRCYV77T,
2024-07-19,B0BRCYV77T,
2024-07-20,B0BRCYV77T,
2024-07-21,B0BRCYV77T,
2024-07-22,B0BRCYV77T,
2024-07-23,B0BRCYV77T,
2024-07-24,B0BRCYV77T,
2024-07-25,B0BRCYV77T,
2024-07-26,B0BRCYV77T,
2024-07-27,B0BRCYV77T,
2024-07-28,B0BRCYV77T,
2024-07-01,B0BRDCBGFD,
2024-07-02,B0BRDCBGFD,
2024-07-03,B0BRDCBGFD,
2024-07-04,B0BRDCBGFD,
2024-07-05,B0BRDCBGFD,
2024-07-06,B0BRDCBGFD,
2024-07-07,B0BRDCBGFD,
2024-07-08,B0BRDCBGFD,
2024-07-09,B0BRDCBGFD,
2024-07-10,B0BRDCBGFD,
2024-07-11,B0BRDCBGFD,
2024-07-12,B0BRDCBGFD,
2024-07-13,B0BRDCBGFD,
2024-07-14,B0BRDCBGFD,
2024-07-15,B0BRDCBGFD,
2024-07-16,B0BRDCBGFD,
2024-07-17,B0BRDCBGFD,
2024-07-18,B0BRDCBGFD,
2024-07-19,B0BRDCBGFD,
2024-07-20,B0BRDCBGFD,
2024-07-21,B0BRDCBGFD,
2024-07-22,B0BRDCBGFD,
2024-07-23,B0BRDCBGFD,
2024-07-24,B0BRDCBGFD,
2024-07-25,B0BRDCBGFD,
2024-07-26,B0BRDCBGFD,
2024-07-01,B0BRDCJWJC,
2024-07-02,B0BRDCJWJC,
2024-07-03,B0BRDCJWJC,
2024-07-04,B0BRDCJWJC,
2024-07-05,B0BRDCJWJC,
2024-07-06,B0BRDCJWJC,
2024-07-07,B0BRDCJWJC,
2024-07-08,B0BRDCJWJC,
2024-07-09,B0BRDCJWJC,
2024-07-10,B0BRDCJWJC,
2024-07-11,B0BRDCJWJC,
2024-07-12,B0BRDCJWJC,
2024-07-13,B0BRDCJWJC,
2024-07-14,B0BRDCJWJC,
2024-07-15,B0BRDCJWJC,
2024-07-16,B0BRDCJWJC,
2024-07-17,B0BRDCJWJC,
2024-07-18,B0BRDCJWJC,
2024-07-19,B0BRDCJWJC,
2024-07-20,B0BRDCJWJC,
2024-07-21,B0BRDCJWJC,
2024-07-22,B0BRDCJWJC,
2024-07-23,B0BRDCJWJC,
2024-07-24,B0BRDCJWJC,
2024-07-25,B0BRDCJWJC,
2024-07-26,B0BRDCJWJC,
2024-07-01,B0BSLTV9FL,
2024-07-02,B0BSLTV9FL,
2024-07-06,B0BSLTV9FL,
2024-07-07,B0BSLTV9FL,
2024-07-01,B0BSLTZV4Z,
2024-07-02,B0BSLTZV4Z,
2024-07-16,B0BSLTZV4Z,
2024-07-17,B0BSLTZV4Z,
2024-07-18,B0BSLTZV4Z,
2024-07-19,B0BSLTZV4Z,
2024-07-23,B0BSLTZV4Z,
2024-07-24,B0BSLTZV4Z,
2024-07-12,B0BSLVXHYJ,
2024-07-13,B0BSLVXHYJ,
2024-07-16,B0BSLVXHYJ,
2024-07-17,B0BSLVXHYJ,
2024-07-18,B0BSLVXHYJ,
2024-07-19,B0BSLVXHYJ,
2024-07-20,B0BSLVXHYJ,
2024-07-21,B0BSLVXHYJ,
2024-07-22,B0BSLVXHYJ,
2024-07-23,B0BSLVXHYJ,
2024-07-24,B0BSLVXHYJ,
2024-07-01,B0BSLWJKSX,
2024-07-02,B0BSLWJKSX,
2024-07-03,B0BSLWJKSX,
2024-07-04,B0BSLWJKSX,
2024-07-05,B0BSLWJKSX,
2024-07-06,B0BSLWJKSX,
2024-07-07,B0BSLWJKSX,
2024-07-10,B0BSLWJKSX,
2024-07-11,B0BSLWJKSX,
2024-07-16,B0BSLWJKSX,
2024-07-17,B0BSLWJKSX,
2024-07-18,B0BSLWJKSX,
2024-07-19,B0BSLWJKSX,
2024-07-20,B0BSLWJKSX,
2024-07-21,B0BSLWJKSX,
2024-07-22,B0BSLWJKSX,
2024-07-01,B0C9JLKFPZ,
2024-07-02,B0C9JLKFPZ,
2024-07-03,B0C9JLKFPZ,
2024-07-04,B0C9JLKFPZ,
2024-07-05,B0C9JLKFPZ,
2024-07-06,B0C9JLKFPZ,
2024-07-07,B0C9JLKFPZ,
2024-07-08,B0C9JLKFPZ,
2024-07-09,B0C9JLKFPZ,
2024-07-10,B0C9JLKFPZ,
2024-07-11,B0C9JLKFPZ,
2024-07-12,B0C9JLKFPZ,
2024-07-13,B0C9JLKFPZ,
2024-07-14,B0C9JLKFPZ,
2024-07-15,B0C9JLKFPZ,
2024-07-16,B0C9JLKFPZ,
2024-07-17,B0C9JLKFPZ,
2024-07-18,B0C9JLKFPZ,
2024-07-19,B0C9JLKFPZ,
2024-07-20,B0C9JLKFPZ,
2024-07-21,B0C9JLKFPZ,
2024-07-22,B0C9JLKFPZ,
2024-07-23,B0C9JLKFPZ,
2024-07-24,B0C9JLKFPZ,
2024-07-25,B0C9JLKFPZ,
2024-07-26,B0C9JLKFPZ,
2024-07-27,B0C9JLKFPZ,
2024-07-28,B0C9JLKFPZ,
2024-07-01,B0CFV6V981,
2024-07-02,B0CFV6V981,
2024-07-03,B0CFV6V981,
2024-07-04,B0CFV6V981,
2024-07-05,B0CFV6V981,
2024-07-06,B0CFV6V981,
2024-07-07,B0CFV6V981,
2024-07-08,B0CFV6V981,
2024-07-09,B0CFV6V981,
2024-07-10,B0CFV6V981,
2024-07-11,B0CFV6V981,
2024-07-12,B0CFV6V981,
2024-07-13,B0CFV6V981,
2024-07-14,B0CFV6V981,
2024-07-15,B0CFV6V981,
2024-07-16,B0CFV6V981,
2024-07-17,B0CFV6V981,
2024-07-18,B0CFV6V981,
2024-07-19,B0CFV6V981,
2024-07-20,B0CFV6V981,
2024-07-21,B0CFV6V981,
2024-07-22,B0CFV6V981,
2024-07-23,B0CFV6V981,
2024-07-24,B0CFV6V981,
2024-07-25,B0CFV6V981,
2024-07-26,B0CFV6V981,
2024-07-27,B0CFV6V981,
2024-07-28,B0CFV6V981,
2024-07-01,B0CQVLFPBQ,
2024-07-02,B0CQVLFPBQ,
2024-07-10,B0CQVLFPBQ,
2024-07-11,B0CQVLFPBQ,
2024-07-21,B0CQVLFPBQ,
2024-07-22,B0CQVLFPBQ,
2024-07-24,B0CQVLFPBQ,
2024-07-25,B0CQVLFPBQ,
2024-07-01,B0CR49BQRS,
2024-07-02,B0CR49BQRS,
2024-07-03,B0CR49BQRS,
2024-07-04,B0CR49BQRS,
2024-07-05,B0CR49BQRS,
2024-07-06,B0CR49BQRS,
2024-07-07,B0CR49BQRS,
2024-07-08,B0CR49BQRS,
2024-07-09,B0CR49BQRS,
2024-07-10,B0CR49BQRS,
2024-07-11,B0CR49BQRS,
2024-07-12,B0CR49BQRS,
2024-07-13,B0CR49BQRS,
2024-07-14,B0CR49BQRS,
2024-07-15,B0CR49BQRS,
2024-07-16,B0CR49BQRS,
2024-07-17,B0CR49BQRS,
2024-07-18,B0CR49BQRS,
2024-07-19,B0CR49BQRS,
2024-07-20,B0CR49BQRS,
2024-07-21,B0CR49BQRS,
2024-07-22,B0CR49BQRS,
2024-07-23,B0CR49BQRS,
2024-07-24,B0CR49BQRS,
2024-07-25,B0CR49BQRS,
2024-07-26,B0CR49BQRS,
2024-07-27,B0CR49BQRS,
2024-07-28,B0CR49BQRS,
2024-07-01,B0CR49N6MQ,
2024-07-02,B0CR49N6MQ,
2024-07-03,B0CR49N6MQ,
2024-07-04,B0CR49N6MQ,
2024-07-05,B0CR49N6MQ,
2024-07-06,B0CR49N6MQ,
2024-07-07,B0CR49N6MQ,
2024-07-08,B0CR49N6MQ,
2024-07-09,B0CR49N6MQ,
2024-07-10,B0CR49N6MQ,
2024-07-11,B0CR49N6MQ,
2024-07-12,B0CR49N6MQ,
2024-07-13,B0CR49N6MQ,
2024-07-14,B0CR49N6MQ,
2024-07-15,B0CR49N6MQ,
2024-07-16,B0CR49N6MQ,
2024-07-17,B0CR49N6MQ,
2024-07-18,B0CR49N6MQ,
2024-07-19,B0CR49N6MQ,
2024-07-20,B0CR49N6MQ,
2024-07-21,B0CR49N6MQ,
2024-07-22,B0CR49N6MQ,
2024-07-23,B0CR49N6MQ,
2024-07-24,B0CR49N6MQ,
2024-07-25,B0CR49N6MQ,
2024-07-26,B0CR49N6MQ,
2024-07-27,B0CR49N6MQ,
2024-07-28,B0CR49N6MQ,
2024-07-01,B0CR49NR3B,
2024-07-02,B0CR49NR3B,
2024-07-03,B0CR49NR3B,
2024-07-04,B0CR49NR3B,
2024-07-05,B0CR49NR3B,
2024-07-06,B0CR49NR3B,
2024-07-07,B0CR49NR3B,
2024-07-08,B0CR49NR3B,
2024-07-09,B0CR49NR3B,
2024-07-10,B0CR49NR3B,
2024-07-11,B0CR49NR3B,
2024-07-12,B0CR49NR3B,
2024-07-13,B0CR49NR3B,
2024-07-14,B0CR49NR3B,
2024-07-15,B0CR49NR3B,
2024-07-16,B0CR49NR3B,
2024-07-17,B0CR49NR3B,
2024-07-18,B0CR49NR3B,
2024-07-19,B0CR49NR3B,
2024-07-20,B0CR49NR3B,
2024-07-21,B0CR49NR3B,
2024-07-22,B0CR49NR3B,
2024-07-23,B0CR49NR3B,
2024-07-24,B0CR49NR3B,
2024-07-25,B0CR49NR3B,
2024-07-26,B0CR49NR3B,
2024-07-27,B0CR49NR3B,
2024-07-28,B0CR49NR3B,
2024-07-01,B0CR4BG4ZW,
2024-07-02,B0CR4BG4ZW,
2024-07-03,B0CR4BG4ZW,
2024-07-04,B0CR4BG4ZW,
2024-07-05,B0CR4BG4ZW,
2024-07-06,B0CR4BG4ZW,
2024-07-07,B0CR4BG4ZW,
2024-07-08,B0CR4BG4ZW,
2024-07-09,B0CR4BG4ZW,
2024-07-10,B0CR4BG4ZW,
2024-07-11,B0CR4BG4ZW,
2024-07-12,B0CR4BG4ZW,
2024-07-13,B0CR4BG4ZW,
2024-07-14,B0CR4BG4ZW,
2024-07-15,B0CR4BG4ZW,
2024-07-16,B0CR4BG4ZW,
2024-07-17,B0CR4BG4ZW,
2024-07-18,B0CR4BG4ZW,
2024-07-19,B0CR4BG4ZW,
2024-07-20,B0CR4BG4ZW,
2024-07-21,B0CR4BG4ZW,
2024-07-22,B0CR4BG4ZW,
2024-07-23,B0CR4BG4ZW,
2024-07-24,B0CR4BG4ZW,
2024-07-25,B0CR4BG4ZW,
2024-07-26,B0CR4BG4ZW,
2024-07-27,B0CR4BG4ZW,
2024-07-28,B0CR4BG4ZW,
2024-07-01,B0CR4BGLK5,
2024-07-02,B0CR4BGLK5,
2024-07-03,B0CR4BGLK5,
2024-07-04,B0CR4BGLK5,
2024-07-05,B0CR4BGLK5,
2024-07-06,B0CR4BGLK5,
2024-07-07,B0CR4BGLK5,
2024-07-08,B0CR4BGLK5,
2024-07-09,B0CR4BGLK5,
2024-07-10,B0CR4BGLK5,
2024-07-11,B0CR4BGLK5,
2024-07-12,B0CR4BGLK5,
2024-07-13,B0CR4BGLK5,
2024-07-14,B0CR4BGLK5,
2024-07-15,B0CR4BGLK5,
2024-07-16,B0CR4BGLK5,
2024-07-17,B0CR4BGLK5,
2024-07-18,B0CR4BGLK5,
2024-07-19,B0CR4BGLK5,
2024-07-20,B0CR4BGLK5,
2024-07-21,B0CR4BGLK5,
2024-07-22,B0CR4BGLK5,
2024-07-23,B0CR4BGLK5,
2024-07-24,B0CR4BGLK5,
2024-07-25,B0CR4BGLK5,
2024-07-26,B0CR4BGLK5,
2024-07-27,B0CR4BGLK5,
2024-07-28,B0CR4BGLK5,
2024-07-01,B0CR4BK4FW,
2024-07-02,B0CR4BK4FW,
2024-07-03,B0CR4BK4FW,
2024-07-04,B0CR4BK4FW,
2024-07-05,B0CR4BK4FW,
2024-07-06,B0CR4BK4FW,
2024-07-07,B0CR4BK4FW,
2024-07-08,B0CR4BK4FW,
2024-07-09,B0CR4BK4FW,
2024-07-10,B0CR4BK4FW,
2024-07-11,B0CR4BK4FW,
2024-07-12,B0CR4BK4FW,
2024-07-13,B0CR4BK4FW,
2024-07-14,B0CR4BK4FW,
2024-07-15,B0CR4BK4FW,
2024-07-16,B0CR4BK4FW,
2024-07-17,B0CR4BK4FW,
2024-07-18,B0CR4BK4FW,
2024-07-19,B0CR4BK4FW,
2024-07-20,B0CR4BK4FW,
2024-07-21,B0CR4BK4FW,
2024-07-22,B0CR4BK4FW,
2024-07-23,B0CR4BK4FW,
2024-07-24,B0CR4BK4FW,
2024-07-25,B0CR4BK4FW,
2024-07-26,B0CR4BK4FW,
2024-07-27,B0CR4BK4FW,
2024-07-28,B0CR4BK4FW,
2024-07-01,B0CR4C5WXS,
2024-07-02,B0CR4C5WXS,
2024-07-03,B0CR4C5WXS,
2024-07-04,B0CR4C5WXS,
2024-07-05,B0CR4C5WXS,
2024-07-06,B0CR4C5WXS,
2024-07-07,B0CR4C5WXS,
2024-07-08,B0CR4C5WXS,
2024-07-09,B0CR4C5WXS,
2024-07-10,B0CR4C5WXS,
2024-07-11,B0CR4C5WXS,
2024-07-12,B0CR4C5WXS,
2024-07-13,B0CR4C5WXS,
2024-07-14,B0CR4C5WXS,
2024-07-15,B0CR4C5WXS,
2024-07-16,B0CR4C5WXS,
2024-07-17,B0CR4C5WXS,
2024-07-18,B0CR4C5WXS,
2024-07-19,B0CR4C5WXS,
2024-07-20,B0CR4C5WXS,
2024-07-21,B0CR4C5WXS,
2024-07-22,B0CR4C5WXS,
2024-07-23,B0CR4C5WXS,
2024-07-24,B0CR4C5WXS,
2024-07-25,B0CR4C5WXS,
2024-07-26,B0CR4C5WXS,
2024-07-27,B0CR4C5WXS,
2024-07-28,B0CR4C5WXS,
2024-07-01,B0CR4C98FS,
2024-07-02,B0CR4C98FS,
2024-07-03,B0CR4C98FS,
2024-07-04,B0CR4C98FS,
2024-07-05,B0CR4C98FS,
2024-07-06,B0CR4C98FS,
2024-07-07,B0CR4C98FS,
2024-07-08,B0CR4C98FS,
2024-07-09,B0CR4C98FS,
2024-07-10,B0CR4C98FS,
2024-07-11,B0CR4C98FS,
2024-07-12,B0CR4C98FS,
2024-07-13,B0CR4C98FS,
2024-07-14,B0CR4C98FS,
2024-07-15,B0CR4C98FS,
2024-07-16,B0CR4C98FS,
2024-07-17,B0CR4C98FS,
2024-07-18,B0CR4C98FS,
2024-07-19,B0CR4C98FS,
2024-07-20,B0CR4C98FS,
2024-07-21,B0CR4C98FS,
2024-07-22,B0CR4C98FS,
2024-07-23,B0CR4C98FS,
2024-07-24,B0CR4C98FS,
2024-07-25,B0CR4C98FS,
2024-07-26,B0CR4C98FS,
2024-07-27,B0CR4C98FS,
2024-07-28,B0CR4C98FS,
2024-07-01,B0CY5KFQBD,
2024-07-02,B0CY5KFQBD,
2024-07-03,B0CY5KFQBD,
2024-07-04,B0CY5KFQBD,
2024-07-05,B0CY5KFQBD,
2024-07-06,B0CY5KFQBD,
2024-07-07,B0CY5KFQBD,
2024-07-08,B0CY5KFQBD,
2024-07-09,B0CY5KFQBD,
2024-07-10,B0CY5KFQBD,
2024-07-11,B0CY5KFQBD,
2024-07-12,B0CY5KFQBD,
2024-07-13,B0CY5KFQBD,
2024-07-14,B0CY5KFQBD,
2024-07-15,B0CY5KFQBD,
2024-07-16,B0CY5KFQBD,
2024-07-17,B0CY5KFQBD,
2024-07-18,B0CY5KFQBD,
2024-07-19,B0CY5KFQBD,
2024-07-20,B0CY5KFQBD,
2024-07-21,B0CY5KFQBD,
2024-07-22,B0CY5KFQBD,
2024-07-23,B0CY5KFQBD,
2024-07-24,B0CY5KFQBD,
2024-07-25,B0CY5KFQBD,
2024-07-26,B0CY5KFQBD,
2024-07-27,B0CY5KFQBD,
2024-07-28,B0CY5KFQBD,
2024-07-01,B0CY5LR4VX,
2024-07-02,B0CY5LR4VX,
2024-07-03,B0CY5LR4VX,
2024-07-04,B0CY5LR4VX,
2024-07-05,B0CY5LR4VX,
2024-07-06,B0CY5LR4VX,
2024-07-07,B0CY5LR4VX,
2024-07-08,B0CY5LR4VX,
2024-07-09,B0CY5LR4VX,
2024-07-10,B0CY5LR4VX,
2024-07-11,B0CY5LR4VX,
2024-07-12,B0CY5LR4VX,
2024-07-13,B0CY5LR4VX,
2024-07-14,B0CY5LR4VX,
2024-07-15,B0CY5LR4VX,
2024-07-16,B0CY5LR4VX,
2024-07-17,B0CY5LR4VX,
2024-07-18,B0CY5LR4VX,
2024-07-19,B0CY5LR4VX,
2024-07-20,B0CY5LR4VX,
2024-07-21,B0CY5LR4VX,
2024-07-22,B0CY5LR4VX,
2024-07-23,B0CY5LR4VX,
2024-07-24,B0CY5LR4VX,
2024-07-25,B0CY5LR4VX,
2024-07-26,B0CY5LR4VX,
2024-07-27,B0CY5LR4VX,
2024-07-28,B0CY5LR4VX,
2024-07-01,B0CY5QQ49F,
2024-07-02,B0CY5QQ49F,
2024-07-03,B0CY5QQ49F,
2024-07-04,B0CY5QQ49F,
2024-07-05,B0CY5QQ49F,
2024-07-06,B0CY5QQ49F,
2024-07-07,B0CY5QQ49F,
2024-07-08,B0CY5QQ49F,
2024-07-09,B0CY5QQ49F,
2024-07-10,B0CY5QQ49F,
2024-07-11,B0CY5QQ49F,
2024-07-12,B0CY5QQ49F,
2024-07-13,B0CY5QQ49F,
2024-07-14,B0CY5QQ49F,
2024-07-15,B0CY5QQ49F,
2024-07-16,B0CY5QQ49F,
2024-07-17,B0CY5QQ49F,
2024-07-18,B0CY5QQ49F,
2024-07-19,B0CY5QQ49F,
2024-07-20,B0CY5QQ49F,
2024-07-21,B0CY5QQ49F,
2024-07-22,B0CY5QQ49F,
2024-07-23,B0CY5QQ49F,
2024-07-24,B0CY5QQ49F,
2024-07-25,B0CY5QQ49F,
2024-07-26,B0CY5QQ49F,
2024-07-27,B0CY5QQ49F,
2024-07-28,B0CY5QQ49F,
